Acura,1,1,NSX,Sedan or Wagon,2022,Hybrid Electric,New,Eligible,Not Eligible,NIL
Acura,2,1,NSX,Sedan or Wagon,2021,Hybrid Electric,New,Eligible,Not Eligible,NIL
Amp,3,2,GCE,SUV,2012,Electric,New,Eligible,Eligible,"$7,500"
Amp,4,2,MLE,SUV,2012,Electric,New,Eligible,Eligible,"$7,500"
Audi,5,3,A3 ,Sedan or Wagon,2022,Hybrid Electric,New,Eligible,Eligible,"$4,502"
Audi,6,3,A3 quattro,Sedan or Wagon,2022,Hybrid Electric,New,Eligible,Eligible,"$6,712"
Audi,7,3,A4 allroad quattro,Sedan or Wagon,2022,Hybrid Electric,New,Eligible,Eligible,"$6,712"
Audi,8,3,A4 quattro,Sedan or Wagon,2022,Hybrid Electric,New,Not Eligible,Not Eligible,NIL
Audi,9,3,A4 S line quattro,Sedan or Wagon,2022,Hybrid Electric,New,Not Eligible,Not Eligible,NIL
Audi,10,3,A5 Cabriolet quattro,Sedan or Wagon,2022,Hybrid Electric,New,Not Eligible,Not Eligible,NIL
Audi,11,3,A5 Coupe quattro,Sedan or Wagon,2022,Hybrid Electric,New,Not Eligible,Not Eligible,NIL
Audi,12,3,A5 Sportback quattro,Sedan or Wagon,2022,Hybrid Electric,New,Not Eligible,Not Eligible,NIL
Audi,13,3,A5 Sportback S line quattro,Sedan or Wagon,2022,Hybrid Electric,New,Not Eligible,Not Eligible,NIL
Audi,14,3,A6 Allroad quattro,Sedan or Wagon,2022,Hybrid Electric,New,Not Eligible,Not Eligible,NIL
Audi,15,3,A6 quattro,Sedan or Wagon,2022,Hybrid Electric,New,Not Eligible,Not Eligible,NIL
Audi,16,3,A7 quattro,Sedan or Wagon,2022,Hybrid Electric,New,Eligible,Eligible,"$6,712"
Audi,17,3,A7 TFSI e quattro,Sedan or Wagon,2022,Plug-in Hybrid Electric,New,Eligible,Eligible,"$6,712"
Audi,18,3,A8L quattro,Sedan or Wagon,2022,Hybrid Electric,New,Eligible,Eligible,"$6,712"
Audi,19,3,e-tron GT,Sedan or Wagon,2022,Electric,New,Eligible,Eligible,"$7,500"
Audi,20,3,e-tron quattro,SUV,2022,Electric,New,Eligible,Eligible,"$7,500"
Audi,21,3,"e-tron S (20"" wheels)",SUV,2022,Electric,New,Eligible,Eligible,"$7,500"
Audi,22,3,"e-tron S (21"" or 22"" wheels)",SUV,2022,Electric,New,Eligible,Eligible,"$7,500"
Audi,23,3,e-tron Sportback quattro,SUV,2022,Electric,New,Eligible,Eligible,"$7,500"
Audi,24,3,"e-tron S Sportback (20"" wheels)",SUV,2022,Electric,New,Eligible,Eligible,"$7,500"
Audi,25,3,"e-tron S Sportback (21"" or 22"" wheels)",SUV,2022,Electric,New,Eligible,Eligible,"$7,500"
Audi,26,3,Q4 e-tron quattro,SUV,2022,Electric,New,Eligible,Eligible,"$7,500"
Audi,27,3,Q4 e-tron Sportback quattro,SUV,2022,Electric,New,Eligible,Eligible,"$7,500"
Audi,28,3,Q5 quattro,SUV,2022,Hybrid Electric,New,Eligible,Eligible,"$7,500"
Audi,29,3,Q5 S line quattro,SUV,2022,Hybrid Electric,New,Not Eligible,Eligible,"$6,712"
Audi,30,3,Q5 Sportback S line quattro,SUV,2022,Hybrid Electric,New,Eligible,Eligible,"$6,712"
Audi,31,3,Q5 TFSI e quattro,Sedan or Wagon,2022,Plug-in Hybrid Electric,New,Eligible,Eligible,"$7,500"
Audi,32,3,Q7 quattro,SUV,2022,Hybrid Electric,New,Eligible,Eligible,"$6,712"
Audi,33,3,Q8 quattro,SUV,2022,Hybrid Electric,New,Not Eligible,Not Eligible,NIL
Audi,34,3,RS 6 Avant,Sedan or Wagon,2022,Hybrid Electric,New,Not Eligible,Not Eligible,NIL
Audi,35,3,RS7,Sedan or Wagon,2022,Hybrid Electric,New,Not Eligible,Not Eligible,NIL
Audi,36,3,RS e-tron GT,SUV,2022,Electric,New,Not Eligible,Not Eligible,NIL
Audi,37,3,RS Q8,Sedan or Wagon,2022,Hybrid Electric,New,Not Eligible,Not Eligible,NIL
Audi,38,3,S6,Sedan or Wagon,2022,Hybrid Electric,New,Not Eligible,Not Eligible,NIL
Audi,39,3,S7,Sedan or Wagon,2022,Hybrid Electric,New,Not Eligible,Not Eligible,NIL
Audi,40,3,S8,Sedan or Wagon,2022,Hybrid Electric,New,Not Eligible,Not Eligible,NIL
Audi,41,3,A4 allroad quattro,Sedan or Wagon,2021,Hybrid Electric,New,Not Eligible,Not Eligible,NIL
Audi,42,3,A4 quattro,Sedan or Wagon,2021,Hybrid Electric,New,Not Eligible,Not Eligible,NIL
Audi,43,3,A4 S line quattro,Sedan or Wagon,2021,Hybrid Electric,New,Not Eligible,Not Eligible,NIL
Audi,44,3,A5 Cabriolet quattro,Sedan or Wagon,2021,Hybrid Electric,New,Not Eligible,Not Eligible,NIL
Audi,45,3,A5 quattro,Sedan or Wagon,2021,Hybrid Electric,New,Not Eligible,Not Eligible,NIL
Audi,46,3,A5 Sportback quattro,Sedan or Wagon,2021,Hybrid Electric,New,Not Eligible,Not Eligible,NIL
Audi,47,3,A5 Sportback S line quattro,Sedan or Wagon,2021,Hybrid Electric,New,Not Eligible,Not Eligible,NIL
Audi,48,3,A6 Allroad,Sedan or Wagon,2021,Hybrid Electric,New,Not Eligible,Not Eligible,NIL
Audi,49,3,A6 quattro,Sedan or Wagon,2021,Hybrid Electric,New,Not Eligible,Not Eligible,NIL
Audi,50,3,A7 quattro,Sedan or Wagon,2021,Plug-in Hybrid Electric,New,Eligible,Eligible,"$6,712"
Audi,51,3,A7 quattro,Sedan or Wagon,2021,Hybrid Electric,New,Eligible,Eligible,"$6,712"
Audi,52,3,A8L,Sedan or Wagon,2021,Hybrid Electric,New,Eligible,Eligible,"$6,712"
Audi,53,3,A8L,Sedan or Wagon,2021,Plug-in Hybrid Electric,New,Eligible,Eligible,"$6,712"
Audi,54,3,e-tron,SUV,2021,Electric,New,Eligible,Eligible,"$4,502"
Audi,55,3,e-tron Sportback,SUV,2021,Electric,New,Eligible,Eligible,"$4,502"
Audi,56,3,Q5,SUV,2021,Hybrid Electric,New,Eligible,Eligible,"$6,712"
Audi,57,3,Q5,SUV,2021,Plug-in Hybrid Electric,New,Eligible,Eligible,"$6,712"
Audi,58,3,Q5 Sportback,SUV,2021,Hybrid Electric,New,Eligible,Eligible,"$7,500"
Audi,59,3,Q7,SUV,2021,Hybrid Electric,New,Not Eligible,Eligible,"$6,712"
Audi,60,3,Q8,SUV,2021,Hybrid Electric,New,Eligible,Eligible,"$6,712"
Audi,61,3,RS 6 Avant,Sedan or Wagon,2021,Hybrid Electric,New,Eligible,Eligible,"$4,500"
Audi,62,3,RS7,Sedan or Wagon,2021,Hybrid Electric,New,Not Eligible,Not Eligible,NIL
Audi,63,3,RS Q8,Sedan or Wagon,2021,Hybrid Electric,New,Not Eligible,Not Eligible,NIL
Audi,64,3,S6,Sedan or Wagon,2021,Hybrid Electric,New,Not Eligible,Not Eligible,NIL
Audi,65,3,S7,Sedan or Wagon,2021,Hybrid Electric,New,Not Eligible,Not Eligible,NIL
Audi,66,3,S8,Sedan or Wagon,2021,Hybrid Electric,New,Not Eligible,Not Eligible,NIL
Audi,67,3,A3 e-tron,SUV,2016,Plug-in Hybrid Electric,New,Eligible,Eligible,"$4,502"
Audi,68,3,A3 e-tron,SUV,2017,Plug-in Hybrid Electric,New,Eligible,Eligible,"$4,502"
Audi,69,3,A3 e-tron,SUV,2018,Plug-in Hybrid Electric,New,Eligible,Eligible,"$4,502"
Audi,70,3,A3 e-tron ultra,SUV,2016,Plug-in Hybrid Electric,New,Eligible,Eligible,"$4,502"
Audi,71,3,A7 55 TFSI e quattaro,Sedan or Wagon,2021,Plug-in Hybrid Electric,New,Eligible,Eligible,"$6,712"
Audi,72,3,e-tron,SUV,2019,Electric,New,Eligible,Eligible,"$7,500"
Audi,73,3,A8L,Sedan or Wagon,2020,Plug-in Hybrid Electric,New,Eligible,Eligible,"$6,712"
Audi,74,3,e-tron Sportsback,SUV,2020,Electric,New,Eligible,Eligible,"$7,500"
Audi,75,3,Q5,SUV,2020,Plug-in Hybrid Electric,New,Eligible,Eligible,"$6,712"
Azure Dynamics,76,4,Transit Connect EV,SUV,2011,Electric,New,Eligible,Eligible,"$7,500"
Bentley Motors,77,5,Bentayga Hybrid,SUV,2020,Plug-in Hybrid Electric,New,Eligible,Eligible,"$7,500"
Bentley Motors,78,5,Flying Spur Hybrid,Sedan or Wagon,2022,Plug-in Hybrid Electric,New,Eligible,Eligible,"$7,500"
Bentley Motors,79,5,Bentayga,SUV,2021,Plug-in Hybrid Electric,New,Eligible,Eligible,"$7,500"
BMW,80,6,330e Sedan,Sedan or Wagon,2022,Plug-in Hybrid Electric,New,Eligible,Eligible,"$5,836"
BMW,81,6,330e xDrive,Sedan or Wagon,2022,Plug-in Hybrid Electric,New,Eligible,Eligible,"$5,836"
BMW,82,6,530e Sedan,Sedan or Wagon,2022,Plug-in Hybrid Electric,New,Not Eligible,Eligible,"$5,836"
BMW,83,6,530e xDrive Sedan,Sedan or Wagon,2022,Plug-in Hybrid Electric,New,Eligible,Eligible,"$5,836"
BMW,84,6,540i Sedan,Sedan or Wagon,2022,Hybrid Electric,New,Eligible,Eligible,"$7,500"
BMW,85,6,540i xDrive Sedan,Sedan or Wagon,2022,Hybrid Electric,New,Eligible,Eligible,"$7,500"
BMW,86,6,745e xDrive,Sedan or Wagon,2022,Plug-in Hybrid Electric,New,Eligible,Eligible,"$5,836"
BMW,87,6,"i4 eDrive40 Gran Coupe (18"" Wheels)",Sedan or Wagon,2022,Electric,New,Eligible,Eligible,"$7,500"
BMW,88,6,"i4 eDrive40 Gran Coupe (19"" Wheels)",Sedan or Wagon,2022,Electric,New,Eligible,Eligible,"$7,500"
BMW,89,6,"i4 M50 Gran Coupe (19"" Wheels)",Sedan or Wagon,2022,Electric,New,Eligible,Eligible,"$7,500"
BMW,90,6,"i4 M50 Gran Coupe (20"" Wheels)",Sedan or Wagon,2022,Electric,New,Eligible,Eligible,"$7,500"
BMW,91,6,"iX xDrive50 (20"" Wheels)",SUV,2022,Electric,New,Eligible,Eligible,"$7,500"
BMW,92,6,"iX xDrive50 (21"" Wheels)",SUV,2022,Electric,New,Eligible,Eligible,"$7,500"
BMW,93,6,"iX xDrive50 (22"" Wheels)",SUV,2022,Electric,New,Eligible,Eligible,"$7,500"
BMW,94,6,M340i Sedan,Sedan or Wagon,2022,Hybrid Electric,New,Not Eligible,Not Eligible,NIL
BMW,95,6,M340i xDrive Sedan,Sedan or Wagon,2022,Hybrid Electric,New,Not Eligible,Not Eligible,NIL
BMW,96,6,M440i Convertible,Sedan or Wagon,2022,Hybrid Electric,New,Not Eligible,Not Eligible,NIL
BMW,97,6,M440i Coupe,Sedan or Wagon,2022,Hybrid Electric,New,Not Eligible,Not Eligible,NIL
BMW,98,6,M440i xDrive Convertible,Sedan or Wagon,2022,Hybrid Electric,New,Not Eligible,Not Eligible,NIL
BMW,99,6,M440i xDrive Coupe,Sedan or Wagon,2022,Hybrid Electric,New,Not Eligible,Not Eligible,NIL
BMW,100,6,M440i xDrive Gran Coupe,Sedan or Wagon,2022,Hybrid Electric,New,Not Eligible,Not Eligible,NIL
BMW,101,6,X3 M40i,SUV,2022,Hybrid Electric,New,Not Eligible,Not Eligible,NIL
BMW,102,6,X4 M40i,SUV,2022,Hybrid Electric,New,Not Eligible,Not Eligible,NIL
BMW,103,6,X5 sDrive40i,SUV,2022,Hybrid Electric,New,Not Eligible,Not Eligible,NIL
BMW,104,6,X5 xDrive40i,SUV,2022,Hybrid Electric,New,Not Eligible,Not Eligible,NIL
BMW,105,6,X5 xDrive45e,SUV,2022,Plug-in Hybrid Electric,New,Not Eligible,Not Eligible,NIL
BMW,106,6,X6 xDrive40i,SUV,2022,Hybrid Electric,New,Not Eligible,Not Eligible,NIL
BMW,107,6,X7 xDrive40i,SUV,2022,Hybrid Electric,New,Not Eligible,Not Eligible,NIL
BMW,108,6,330e,Sedan or Wagon,2021,Plug-in Hybrid Electric,New,Not Eligible,Not Eligible,NIL
BMW,109,6,330e xDrive,Sedan or Wagon,2021,Plug-in Hybrid Electric,New,Not Eligible,Not Eligible,NIL
BMW,110,6,530e,Sedan or Wagon,2021,Plug-in Hybrid Electric,New,Not Eligible,Not Eligible,NIL
BMW,111,6,530e xDrive,Sedan or Wagon,2021,Plug-in Hybrid Electric,New,Not Eligible,Not Eligible,NIL
BMW,112,6,540i,SUV,2021,Hybrid Electric,New,Not Eligible,Not Eligible,NIL
BMW,113,6,540i xDrive,SUV,2021,Hybrid Electric,New,Not Eligible,Not Eligible,NIL
BMW,114,6,745e xDrive,Sedan or Wagon,2021,Plug-in Hybrid Electric,New,Not Eligible,Not Eligible,NIL
BMW,115,6,i3,Sedan or Wagon,2021,Electric,New,Not Eligible,Not Eligible,NIL
BMW,116,6,i3s,Sedan or Wagon,2021,Electric,New,Not Eligible,Not Eligible,NIL
BMW,117,6,i3s with Range Extender,Sedan or Wagon,2021,Plug-in Hybrid Electric,New,Not Eligible,Not Eligible,NIL
BMW,118,6,i3 with Range Extender,Sedan or Wagon,2021,Plug-in Hybrid Electric,New,Not Eligible,Not Eligible,NIL
BMW,119,6,M340i,SUV,2021,Hybrid Electric,New,Not Eligible,Not Eligible,NIL
BMW,120,6,M340i xDrive,SUV,2021,Hybrid Electric,New,Not Eligible,Not Eligible,NIL
BMW,121,6,M440i Convertible,Sedan or Wagon,2021,Hybrid Electric,New,Not Eligible,Not Eligible,NIL
BMW,122,6,M440i xDrive Coupe,Sedan or Wagon,2021,Hybrid Electric,New,Not Eligible,Not Eligible,NIL
BMW,123,6,X3 xDrive30e,SUV,2021,Plug-in Hybrid Electric,New,Not Eligible,Not Eligible,NIL
BMW,124,6,X5 sDrive40i 2WD,SUV,2021,Hybrid Electric,New,Not Eligible,Not Eligible,NIL
BMW,125,6,X5 sDrive40i 4WD,SUV,2021,Hybrid Electric,New,Not Eligible,Not Eligible,NIL
BMW,126,6,X5 xDrive45e,SUV,2021,Plug-in Hybrid Electric,New,Not Eligible,Not Eligible,NIL
BMW,127,6,X6 sDrive40i 2WD,SUV,2021,Hybrid Electric,New,Not Eligible,Not Eligible,NIL
BMW,128,6,X6 sDrive40i 4WD,SUV,2021,Hybrid Electric,New,Not Eligible,Not Eligible,NIL
BMW,129,6,X7 sDrive40i 4WD,SUV,2021,Hybrid Electric,New,Not Eligible,Not Eligible,NIL
BMW,130,6,330e,Sedan or Wagon,2016,Plug-in Hybrid Electric,New,Eligible,Eligible,"$4,001"
BMW,131,6,330e,Sedan or Wagon,2017,Plug-in Hybrid Electric,New,Eligible,Eligible,"$4,001"
BMW,132,6,330e,Sedan or Wagon,2018,Plug-in Hybrid Electric,New,Eligible,Eligible,"$4,001"
BMW,133,6,530e,Sedan or Wagon,2018,Plug-in Hybrid Electric,New,Eligible,Eligible,"$4,668"
BMW,134,6,530e,Sedan or Wagon,2020,Plug-in Hybrid Electric,New,Eligible,Eligible,"$5,836"
BMW,135,6,530e xDrive,Sedan or Wagon,2020,Plug-in Hybrid Electric,New,Eligible,Eligible,"$5,836"
BMW,136,6,740e,Sedan or Wagon,2017,Plug-in Hybrid Electric,New,Eligible,Eligible,"$4,668"
BMW,137,6,740e xDrive,Sedan or Wagon,2018,Plug-in Hybrid Electric,New,Eligible,Eligible,"$4,668"
BMW,138,6,750e xDrive,Sedan or Wagon,2020,Plug-in Hybrid Electric,New,Eligible,Eligible,"$5,836"
BMW,139,6,i3,Sedan or Wagon,2014,Electric,New,Eligible,Eligible,"$7,500"
BMW,140,6,i3,Sedan or Wagon,2015,Electric,New,Eligible,Eligible,"$7,500"
BMW,141,6,i3,Sedan or Wagon,2016,Electric,New,Eligible,Eligible,"$7,500"
BMW,142,6,i3,Sedan or Wagon,2017,Electric,New,Eligible,Eligible,"$7,500"
BMW,143,6,i3,Sedan or Wagon,2018,Electric,New,Eligible,Eligible,"$7,500"
BMW,144,6,i3,Sedan or Wagon,2019,Electric,New,Eligible,Eligible,"$7,500"
BMW,145,6,i3,Sedan or Wagon,2020,Electric,New,Eligible,Eligible,"$7,500"
BMW,146,6,i3,Sedan or Wagon,2021,Electric,New,Eligible,Eligible,"$7,500"
BMW,147,6,i8,Sedan or Wagon,2014,Plug-in Hybrid Electric,New,Eligible,Eligible,"$3,793"
BMW,148,6,i8,Sedan or Wagon,2015,Plug-in Hybrid Electric,New,Eligible,Eligible,"$3,793"
BMW,149,6,i8,Sedan or Wagon,2016,Plug-in Hybrid Electric,New,Eligible,Eligible,"$3,793"
BMW,150,6,i8,Sedan or Wagon,2017,Plug-in Hybrid Electric,New,Eligible,Eligible,"$3,793"
BMW,151,6,i8 Coupe,Sedan or Wagon,2019,Plug-in Hybrid Electric,New,Eligible,Eligible,"$5,669"
BMW,152,6,i8 Roadster,Sedan or Wagon,2019,Plug-in Hybrid Electric,New,Eligible,Eligible,"$5,669"
BMW,153,6,X3 xDrive30e,SUV,2020,Plug-in Hybrid Electric,New,Eligible,Eligible,"$5,836"
BMW,154,6,X5 xDrive40e,SUV,2016,Plug-in Hybrid Electric,New,Eligible,Eligible,"$4,668"
BMW,155,6,X5 xDrive40e,SUV,2017,Plug-in Hybrid Electric,New,Eligible,Eligible,"$4,668"
BMW,156,6,X5 xDrive40e,SUV,2018,Plug-in Hybrid Electric,New,Eligible,Eligible,"$4,668"
BYD Motors,157,7,e6,SUV,2012,Electric,New,Eligible,Eligible,"$7,500"
BYD Motors,158,7,e6,SUV,2013,Electric,New,Eligible,Eligible,"$7,500"
BYD Motors,159,7,e6,SUV,2014,Electric,New,Eligible,Eligible,"$7,500"
BYD Motors,160,7,e6,SUV,2015,Electric,New,Eligible,Eligible,"$7,500"
BYD Motors,161,7,e6,SUV,2016,Electric,New,Eligible,Eligible,"$7,500"
BYD Motors,162,7,e6,SUV,2017,Electric,New,Eligible,Eligible,"$7,500"
Cadillac,163,8,CT6 Plug-in,Sedan or Wagon,2017,Plug-in Hybrid Electric,New,Eligible,Eligible,"$7,500"
Cadillac,164,8,ELR,Sedan or Wagon,2014,Plug-in Hybrid Electric,New,Eligible,Eligible,"$7,500"
Cadillac,165,8,ELR,Sedan or Wagon,2016,Plug-in Hybrid Electric,New,Eligible,Eligible,"$7,500"
Canoo,166,9,Lifestyle Deliver Vehicle,Sedan or Wagon,2023,Hybrid Electric,New,Eligible,Eligible,"$7,500"
Canoo,167,9,Lifestyle Vehicle Premium,SUV,2023,Hybrid Electric,New,Eligible,Eligible,"$7,500"
Canoo,168,9,Lifestyle Vehile Adventure,Sedan or Wagon,2023,Hybrid Electric,New,Eligible,Eligible,"$7,500"
Canoo,169,9,Lifestyle Vehicle Base,Sedan or Wagon,2023,Hybrid Electric,New,Eligible,Eligible,"$7,500"
Chevrolet,170,10,Bolt EUV,Sedan or Wagon,2022,Electric,New,Eligible,Eligible,"$7,500"
Chevrolet,171,10,Bolt EV,Sedan or Wagon,2022,Electric,New,Eligible,Eligible,"$7,500"
Chevrolet,172,10,Blazer,Sedan or Wagon,2021,Electric,New,Eligible,Eligible,"$7,500"
Chevrolet,173,10,Bolt EV,SUV,2017,Electric,New,Eligible,Eligible,"$7,500"
Chevrolet,174,10,Bolt EV,SUV,2018,Electric,New,Eligible,Eligible,"$7,500"
Chevrolet,175,10,Bolt EV,SUV,2019,Electric,New,Eligible,Eligible,"$7,500"
Chevrolet,176,10,Bolt EV,SUV,2020,Electric,New,Eligible,Eligible,"$7,500"
Chevrolet,177,10,Spark,Sedan or Wagon,2014,Electric,New,Eligible,Eligible,"$7,500"
Chevrolet,178,10,Spark,Sedan or Wagon,2015,Electric,New,Eligible,Eligible,"$7,500"
Chevrolet,179,10,Spark,Sedan or Wagon,2016,Electric,New,Eligible,Eligible,"$7,500"
Chevrolet,180,10,Volt,Sedan or Wagon,2011,Plug-in Hybrid Electric,New,Eligible,Eligible,"$7,500"
Chevrolet,181,10,Volt,Sedan or Wagon,2012,Plug-in Hybrid Electric,New,Eligible,Eligible,"$7,500"
Chevrolet,182,10,Volt,Sedan or Wagon,2013,Plug-in Hybrid Electric,New,Eligible,Eligible,"$7,500"
Chevrolet,183,10,Volt,Sedan or Wagon,2014,Plug-in Hybrid Electric,New,Eligible,Eligible,"$7,500"
Chevrolet,184,10,Volt,Sedan or Wagon,2015,Plug-in Hybrid Electric,New,Eligible,Eligible,"$7,500"
Chevrolet,185,10,Volt,Sedan or Wagon,2016,Plug-in Hybrid Electric,New,Eligible,Eligible,"$7,500"
Chevrolet,186,10,Volt,Sedan or Wagon,2017,Plug-in Hybrid Electric,New,Eligible,Eligible,"$7,500"
Chevrolet,187,10,Volt,Sedan or Wagon,2018,Plug-in Hybrid Electric,New,Eligible,Eligible,"$7,500"
Chevrolet,188,10,Volt,Sedan or Wagon,2019,Plug-in Hybrid Electric,New,Eligible,Eligible,"$7,500"
Chrysler,189,11,Pacifica Hybrid,Van,2022,Plug-in Hybrid Electric,New,Eligible,Eligible,"$7,500"
Chrysler,190,11,Pacifica Hybrid,Van,2021,Plug-in Hybrid Electric,New,Eligible,Eligible,"$6,712"
Chrysler,191,11,Pacifica,SUV,2017,Plug-in Hybrid Electric,New,Eligible,Eligible,"$7,500"
Chrysler,192,11,Pacifica,SUV,2018,Plug-in Hybrid Electric,New,Eligible,Eligible,"$7,500"
Chrysler,193,11,Pacifica,SUV,2019,Plug-in Hybrid Electric,New,Eligible,Eligible,"$7,500"
Chrysler,194,11,Pacifica,SUV,2020,Plug-in Hybrid Electric,New,Eligible,Eligible,"$7,500"
Coda Automotive,195,12,CODA,SUV,2010,Electric,New,Eligible,Eligible,"$7,500"
Coda Automotive,196,12,CODA,SUV,2012,Electric,New,Eligible,Eligible,"$7,500"
Electric Mobile Cars,197,13,E36 7 Passenger,Sedan or Wagon,2010,Electric,New,Eligible,Eligible,"$7,500"
Electric Mobile Cars,198,13,E36t Pick-up Truck,SUV,2010,Electric,New,Eligible,Eligible,"$7,500"
Electric Mobile Cars,199,13,E36v Utility Van,SUV,2010,Electric,New,Eligible,Eligible,"$7,500"
Ferrari,200,14,296 GTB,Sedan or Wagon,2022,Plug-in Hybrid Electric,New,Eligible,Eligible,"$7,500"
Ferrari,201,14,SF90 Stradale,Sedan or Wagon,2022,Plug-in Hybrid Electric,New,Not Eligible,Eligible,"$7,500"
Ferrari,202,14,SF90 Stradale Coupe,Sedan or Wagon,2021,Plug-in Hybrid Electric,New,Eligible,Not Eligible,"$7,500"
Fiat,203,15,500e,Sedan or Wagon,2013,Electric,New,Eligible,Eligible,"$7,500"
Fiat,204,15,500e,Sedan or Wagon,2014,Electric,New,Eligible,Eligible,"$7,500"
Fiat,205,15,500e,Sedan or Wagon,2015,Electric,New,Eligible,Eligible,"$7,500"
Fiat,206,15,500e,Sedan or Wagon,2016,Electric,New,Eligible,Eligible,"$7,500"
Fiat,207,15,500e,Sedan or Wagon,2017,Electric,New,Eligible,Eligible,"$7,500"
Fiat,208,15,500e,Sedan or Wagon,2018,Electric,New,Eligible,Eligible,"$7,500"
Fiat,209,15,500e,Sedan or Wagon,2019,Electric,New,Eligible,Eligible,"$7,500"
Fisker,210,16,Karma,Sedan or Wagon,2012,Plug-in Hybrid Electric,New,Eligible,Eligible,"$7,500"
Ford,211,17,Escape AWD HEV,Sedan or Wagon,2022,Hybrid Electric,New,Eligible,Eligible,"$6,843"
Ford,212,17,Escape FWD HEV,Sedan or Wagon,2022,Hybrid Electric,New,Eligible,Eligible,"$6,843"
Ford,213,17,Escape FWD PHEV,SUV,2022,Plug-in Hybrid Electric,New,Eligible,Eligible,"$6,885"
Ford,214,17,Explorer HEV AWD,SUV,2022,Hybrid Electric,New,Not Eligible,Not Eligible,NIL
Ford,215,17,Explorer HEV RWD,SUV,2022,Hybrid Electric,New,Not Eligible,Not Eligible,NIL
Ford,216,17,Explorer Platinum HEV,SUV,2022,Hybrid Electric,New,Not Eligible,Not Eligible,NIL
Ford,217,17,Mustang Mach-E AWD,SUV,2022,Electric,New,Eligible,Eligible,"$7,500"
Ford,218,17,Mustang Mach-E AWD California Route 1,SUV,2022,Electric,New,Eligible,Eligible,"$7,500"
Ford,219,17,Mustang Mach-E AWD Extended,SUV,2022,Electric,New,Eligible,Eligible,"$7,500"
Ford,220,17,Mustang Mach-E GT AWD,SUV,2022,Electric,New,Eligible,Eligible,"$7,500"
Ford,221,17,Mustang Mach-E GT Performance,SUV,2022,Electric,New,Eligible,Eligible,"$7,500"
Ford,222,17,Mustang Mach-E RWD,SUV,2022,Electric,New,Eligible,Eligible,"$7,500"
Ford,223,17,Mustang Mach-E RWD California Route 1,SUV,2022,Electric,New,Eligible,Eligible,"$7,500"
Ford,224,17,Mustang Mach-E RWD Extended,SUV,2022,Electric,New,Eligible,Eligible,"$7,500"
Ford,225,17,Escape AWD HEV,Sedan or Wagon,2021,Hybrid Electric,New,Eligible,Eligible,"$6,843"
Ford,226,17,Escape FWD HEV,Sedan or Wagon,2021,Hybrid Electric,New,Eligible,Eligible,"$6,843"
Ford,227,17,Escape FWD PHEV,SUV,2021,Plug-in Hybrid Electric,New,Eligible,Eligible,"$6,843"
Ford,228,17,Explorer HEV AWD,SUV,2021,Hybrid Electric,New,Not Eligible,Not Eligible,NIL
Ford,229,17,Explorer HEV RWD,SUV,2021,Hybrid Electric,New,Not Eligible,Not Eligible,NIL
Ford,230,17,Mustang Mach-E AWD,Sedan or Wagon,2021,Electric,New,Eligible,Eligible,"$7,500"
Ford,231,17,Mustang Mach-E AWD Extended,Sedan or Wagon,2021,Electric,New,Eligible,Eligible,"$7,500"
Ford,232,17,Mustang Mach-E GT AWD,Sedan or Wagon,2021,Electric,New,Eligible,Eligible,"$7,500"
Ford,233,17,Mustang Mach-E RWD,Sedan or Wagon,2021,Electric,New,Eligible,Eligible,"$7,500"
Ford,234,17,Mustang Mach-E RWD California Route 1,Sedan or Wagon,2021,Electric,New,Eligible,Eligible,"$7,500"
Ford,235,17,Mustang Mach-E RWD Extended,Sedan or Wagon,2021,Electric,New,Eligible,Eligible,"$7,500"
Ford,236,17,F150 Pickup 2WD HEV,Pickup,2021,Hybrid Electric,New,Eligible,Eligible,"$7,500"
Ford,237,17,F150 Pickup 4WD HEV,Pickup,2021,Hybrid Electric,New,Eligible,Eligible,"$7,500"
Ford,238,17,F150 Lightning 4WD,Pickup,2022,Electric,New,Eligible,Eligible,"$7,500"
Ford,239,17,F150 Lightning 4WD Extended Range,Pickup,2022,Electric,New,Eligible,Eligible,"$7,500"
Ford,240,17,F150 Lightning Platinum 4WD,Pickup,2022,Electric,New,Eligible,Eligible,"$7,500"
Ford,241,17,F150 Pickup 2WD HEV,Pickup,2022,Hybrid Electric,New,Eligible,Eligible,"$7,500"
Ford,242,17,F150 Pickup 4WD HEV,Pickup,2022,Hybrid Electric,New,Eligible,Eligible,"$7,500"
Ford,243,17,Maverick Pickup HEV,Pickup,2022,Hybrid Electric,New,Eligible,Eligible,"$7,500"
Ford,244,17,F150 Pickup 2WD HEV,Pickup,2021,Hybrid Electric,New,Eligible,Eligible,"$7,500"
Ford,245,17,F150 Pickup 4WD HEV,Pickup,2021,Hybrid Electric,New,Eligible,Eligible,"$7,500"
Ford,246,17,F150 Lightning 4WD,Pickup,2022,Electric,New,Eligible,Eligible,"$7,500"
Ford,247,17,F150 Lightning 4WD Extended Range,Pickup,2022,Electric,New,Eligible,Eligible,"$7,500"
Ford,248,17,F150 Lightning Platinum 4WD,Pickup,2022,Electric,New,Eligible,Eligible,"$7,500"
Ford,249,17,F150 Pickup 2WD HEV,Pickup,2022,Hybrid Electric,New,Eligible,Eligible,"$7,500"
Ford,250,17,F150 Pickup 4WD HEV,Pickup,2022,Hybrid Electric,New,Eligible,Eligible,"$7,500"
Ford,251,17,Maverick Pickup HEV,Pickup,2022,Hybrid Electric,New,Not Eligible,Not Eligible,NIL
Ford,252,17,C-Max Energi,Sedan or Wagon,2013,Plug-in Hybrid Electric,New,Eligible,Eligible,"$4,007"
Ford,253,17,C-Max Energi,Sedan or Wagon,2014,Plug-in Hybrid Electric,New,Eligible,Eligible,"$4,007"
Ford,254,17,C-Max Energi,Sedan or Wagon,2015,Plug-in Hybrid Electric,New,Eligible,Eligible,"$4,007"
Ford,255,17,C-Max Energi,Sedan or Wagon,2016,Plug-in Hybrid Electric,New,Eligible,Eligible,"$4,007"
Ford,256,17,C-Max Energi,Sedan or Wagon,2017,Plug-in Hybrid Electric,New,Eligible,Eligible,"$4,007"
Ford,257,17,Escape,SUV,2020,Plug-in Hybrid Electric,New,Eligible,Eligible,"$6,843"
Ford,258,17,Focus,Sedan or Wagon,2012,Electric,New,Eligible,Eligible,"$7,500"
Ford,259,17,Focus,Sedan or Wagon,2013,Electric,New,Eligible,Eligible,"$7,500"
Ford,260,17,Focus,Sedan or Wagon,2014,Electric,New,Eligible,Eligible,"$7,500"
Ford,261,17,Focus,Sedan or Wagon,2015,Electric,New,Eligible,Eligible,"$7,500"
Ford,262,17,Focus,Sedan or Wagon,2016,Electric,New,Eligible,Eligible,"$7,500"
Ford,263,17,Focus,Sedan or Wagon,2017,Electric,New,Eligible,Eligible,"$7,500"
Ford,264,17,Focus,Sedan or Wagon,2018,Electric,New,Eligible,Eligible,"$7,500"
Ford,265,17,Fusion Energi,Sedan or Wagon,2014,Plug-in Hybrid Electric,New,Eligible,Eligible,"$4,007"
Ford,266,17,Fusion Energi,Sedan or Wagon,2015,Plug-in Hybrid Electric,New,Eligible,Eligible,"$4,007"
Ford,267,17,Fusion Energi,Sedan or Wagon,2016,Plug-in Hybrid Electric,New,Eligible,Eligible,"$4,007"
Ford,268,17,Fusion Energi,Sedan or Wagon,2017,Plug-in Hybrid Electric,New,Eligible,Eligible,"$4,007"
Ford,269,17,Fusion Energi,Sedan or Wagon,2018,Plug-in Hybrid Electric,New,Eligible,Eligible,"$4,007"
Ford,270,17,Fusion Energi,Sedan or Wagon,2013,Plug-in Hybrid Electric,New,Eligible,Eligible,"$4,007"
Ford,271,17,Fusion Energi,Sedan or Wagon,2019,Plug-in Hybrid Electric,New,Eligible,Eligible,"$4,609"
G M Bright Drop,272,18,Zevo 600,Van,2022,Electric,New,Not Eligible,Not Eligible,NIL
Green Power Motor Company,273,19,EV Star Cargo,Van,2022,Electric,New,Not Eligible,Not Eligible,NIL
Honda,274,20,Accord,Sedan or Wagon,2022,Hybrid Electric,New,Not Eligible,Not Eligible,NIL
Honda,275,20,Accord Sport or Touring,Sedan or Wagon,2022,Hybrid Electric,New,Not Eligible,Not Eligible,NIL
Honda,276,20,CR-V AWD,SUV,2022,Hybrid Electric,New,Not Eligible,Not Eligible,NIL
Honda,277,20,Insight,Sedan or Wagon,2022,Hybrid Electric,New,Not Eligible,Not Eligible,NIL
Honda,278,20,Insight Touring,Sedan or Wagon,2022,Hybrid Electric,New,Not Eligible,Not Eligible,NIL
Honda,279,20,Accord,Sedan or Wagon,2021,Hybrid Electric,New,Not Eligible,Not Eligible,NIL
Honda,280,20,Accord Sport or Touring,Sedan or Wagon,2021,Hybrid Electric,New,Not Eligible,Not Eligible,NIL
Honda,281,20,Clarity PHEV,Sedan or Wagon,2021,Plug-in Hybrid Electric,New,Not Eligible,Not Eligible,NIL
Honda,282,20,CR-V AWD,SUV,2021,Hybrid Electric,New,Not Eligible,Not Eligible,NIL
Honda,283,20,Insight,Sedan or Wagon,2021,Hybrid Electric,New,Not Eligible,Not Eligible,NIL
Honda,284,20,Insight Touring,Sedan or Wagon,2021,Hybrid Electric,New,Not Eligible,Not Eligible,NIL
Honda,285,20,Accord,Sedan or Wagon,2014,Plug-in Hybrid Electric,New,Eligible,Eligible,"$3,626"
Honda,286,20,Clarity,Sedan or Wagon,2018,Plug-in Hybrid Electric,New,Eligible,Eligible,"$7,500"
Honda,287,20,Clarity,Sedan or Wagon,2019,Plug-in Hybrid Electric,New,Eligible,Eligible,"$7,500"
Honda,288,20,Clarity,Sedan or Wagon,2020,Plug-in Hybrid Electric,New,Eligible,Eligible,"$7,500"
Honda,289,20,Clarity,Sedan or Wagon,2021,Plug-in Hybrid Electric,New,Eligible,Eligible,"$7,500"
Hyundai,290,21,Elantra Hybrid,Sedan or Wagon,2022,Hybrid Electric,New,Not Eligible,Not Eligible,NIL
Hyundai,291,21,Elantra Hybrid Blue,Sedan or Wagon,2022,Hybrid Electric,New,Not Eligible,Not Eligible,NIL
Hyundai,292,21,Ioniq,Sedan or Wagon,2022,Hybrid Electric,New,Eligible,Eligible,"$7,500"
Hyundai,293,21,Ioniq 5 AWD (Long Range),SUV,2022,Electric,New,Eligible,Eligible,"$7,500"
Hyundai,294,21,Ioniq 5 RWD,SUV,2022,Electric,New,Eligible,Eligible,"$7,500"
Hyundai,295,21,Ioniq 5 RWD (Long Range),SUV,2022,Electric,New,Eligible,Eligible,"$7,500"
Hyundai,296,21,Ioniq Blue,Sedan or Wagon,2022,Hybrid Electric,New,Eligible,Eligible,"$7,500"
Hyundai,297,21,Ioniq Plug-in Hybrid,Sedan or Wagon,2022,Plug-in Hybrid Electric,New,Eligible,Eligible,"$7,500"
Hyundai,298,21,Kona Electric,SUV,2022,Electric,New,Eligible,Eligible,"$7,500"
Hyundai,299,21,Santa Fe Hybrid,Sedan or Wagon,2022,Hybrid Electric,New,Eligible,Eligible,6857
Hyundai,300,21,Santa Fe Hybrid Blue,Sedan or Wagon,2022,Hybrid Electric,New,Eligible,Eligible,"$6,587"
Hyundai,301,21,Santa Fe Plug-in Hybrid,Sedan or Wagon,2022,Plug-in Hybrid Electric,New,Eligible,Eligible,"$6,587"
Hyundai,302,21,Sonata Hybrid,Sedan or Wagon,2022,Hybrid Electric,New,Not Eligible,Not Eligible,NIL
Hyundai,303,21,Sonata Hybrid Blue,Sedan or Wagon,2022,Hybrid Electric,New,Not Eligible,Not Eligible,NIL
Hyundai,304,21,Tucson Hybrid,Sedan or Wagon,2022,Hybrid Electric,New,Eligible,Eligible,"$6,587"
Hyundai,305,21,Tucson Hybrid Blue,Sedan or Wagon,2022,Hybrid Electric,New,Eligible,Eligible,"$6,587"
Hyundai,306,21,Tucson Plug-in Hybrid,SUV,2022,Plug-in Hybrid Electric,New,Eligible,Eligible,"$6,587"
Hyundai,307,21,Elantra Hybrid,Sedan or Wagon,2021,Hybrid Electric,New,Not Eligible,Not Eligible,NIL
Hyundai,308,21,Elantra Hybrid Blue,Sedan or Wagon,2021,Hybrid Electric,New,Not Eligible,Not Eligible,NIL
Hyundai,309,21,Ioniq,Sedan or Wagon,2021,Hybrid Electric,New,Eligible,Eligible,"$7,500"
Hyundai,310,21,Ioniq Blue,Sedan or Wagon,2021,Hybrid Electric,New,Eligible,Eligible,"$7,500"
Hyundai,311,21,Ioniq Electric,Sedan or Wagon,2021,Electric,New,Eligible,Eligible,"$7,500"
Hyundai,312,21,Ioniq Plug-in Hybrid,Sedan or Wagon,2021,Plug-in Hybrid Electric,New,Eligible,Eligible,"$7,500"
Hyundai,313,21,Kona Electric,SUV,2021,Electric,New,Eligible,Eligible,"$7,500"
Hyundai,314,21,Santa Fe Hybrid,Sedan or Wagon,2021,Hybrid Electric,New,Eligible,Eligible,"$7,500"
Hyundai,315,21,Santa Fe Hybrid Blue,Sedan or Wagon,2021,Hybrid Electric,New,Eligible,Eligible,"$7,500"
Hyundai,316,21,Sonata Hybrid,Sedan or Wagon,2021,Hybrid Electric,New,Not Eligible,Not Eligible,NIL
Hyundai,317,21,Sonata Hybrid Blue,Sedan or Wagon,2021,Hybrid Electric,New,Not Eligible,Not Eligible,NIL
Hyundai,318,21,Ioniq,Sedan or Wagon,2017,Electric,New,Eligible,Eligible,"$7,500"
Hyundai,319,21,Ioniq,Sedan or Wagon,2018,Electric,New,Eligible,Eligible,"$7,500"
Hyundai,320,21,Ioniq,Sedan or Wagon,2019,Electric,New,Eligible,Eligible,"$7,500"
Hyundai,321,21,Ioniq,Sedan or Wagon,2020,Electric,New,Eligible,Eligible,"$7,500"
Hyundai,322,21,Ioniq,Sedan or Wagon,2018,Plug-in Hybrid Electric,New,Eligible,Eligible,"$4,543"
Hyundai,323,21,Ioniq,Sedan or Wagon,2019,Plug-in Hybrid Electric,New,Eligible,Eligible,"$4,543"
Hyundai,324,21,Ioniq,Sedan or Wagon,2020,Plug-in Hybrid Electric,New,Eligible,Eligible,"$4,543"
Hyundai,325,21,Kona Electric,SUV,2019,Electric,New,Eligible,Eligible,"$7,500"
Hyundai,326,21,Kona Electric,SUV,2020,Electric,New,Eligible,Eligible,"$7,500"
Hyundai,327,21,Sonata,Sedan or Wagon,2016,Plug-in Hybrid Electric,New,Eligible,Eligible,"$4,919"
Hyundai,328,21,Sonata,Sedan or Wagon,2017,Plug-in Hybrid Electric,New,Eligible,Eligible,"$4,919"
Hyundai,329,21,Sonata,Sedan or Wagon,2018,Plug-in Hybrid Electric,New,Eligible,Eligible,"$4,919"
Hyundai,330,21,Sonata,Sedan or Wagon,2019,Plug-in Hybrid Electric,New,Eligible,Eligible,"$4,919"
Jaguar,331,22,E-PACE MHEV,SUV,2022,Hybrid Electric,New,Not Eligible,Not Eligible,NIL
Jaguar,332,22,F-PACE P340 MHEV,SUV,2022,Hybrid Electric,New,Not Eligible,Not Eligible,NIL
Jaguar,333,22,F-PACE P400 MHEV,SUV,2022,Hybrid Electric,New,Not Eligible,Not Eligible,NIL
Jaguar,334,22,E-PACE MHEV,SUV,2021,Hybrid Electric,New,Eligible,Eligible,"$7,500"
Jaguar,335,22,F-PACE P340 MHEV,SUV,2021,Hybrid Electric,New,Not Eligible,Not Eligible,NIL
Jaguar,336,22,F-PACE P400 MHEV,SUV,2021,Hybrid Electric,New,Not Eligible,Not Eligible,NIL
Jaguar,337,22,I-PACE EV400,SUV,2021,Electric,New,Not Eligible,Not Eligible,NIL
Jaguar,338,22,I-Pace,Sedan or Wagon,2019,Electric,New,Eligible,Eligible,"$7,500"
Jaguar,339,22,"I-Pace (Hse , Se , S Models)",Sedan or Wagon,2020,Electric,New,Eligible,Eligible,"$7,500"
Jeep,340,23,Grand Cherokee 4xe,SUV,2022,Plug-in Hybrid Electric,New,Eligible,Eligible,"$7,500"
Jeep,341,23,Wagoneer 4x2,SUV,2022,Hybrid Electric,New,Eligible,Eligible,"$7,500"
Jeep,342,23,Wagoneer 4x4,SUV,2022,Hybrid Electric,New,Eligible,Eligible,"$7,500"
Jeep,343,23,Wrangler 2dr 4x4,SUV,2022,Hybrid Electric,New,Eligible,Eligible,"$7,500"
Jeep,344,23,Wrangler 4dr 4x4,SUV,2022,Hybrid Electric,New,Eligible,Eligible,"$7,500"
Jeep,345,23,Wrangler 4dr 4xe,SUV,2022,Plug-in Hybrid Electric,New,Eligible,Eligible,"$7,500"
Jeep,346,23,Wrangler 2dr 4x4,SUV,2021,Hybrid Electric,New,Eligible,Eligible,"$7,500"
Jeep,347,23,Wrangler 4dr 4x4,SUV,2021,Hybrid Electric,New,Eligible,Eligible,"$7,500"
Jeep,348,23,Wrangler 4dr 4xe,SUV,2021,Plug-in Hybrid Electric,New,Eligible,Eligible,"$7,500"
Kandi,349,24,K27,Sedan or Wagon,2021,Electric,New,Eligible,Eligible,"$7,500"
Kandi,350,24,Ex3,Sedan or Wagon,2019,Electric,New,Eligible,Eligible,"$7,500"
Kandi,351,24,Ex3,Sedan or Wagon,2019,Electric,New,Eligible,Eligible,"$7,500"
Kandi,352,24,Ex3,Sedan or Wagon,2019,Electric,New,Eligible,Eligible,"$7,500"
Kandi,353,24,K22,Sedan or Wagon,2019,Electric,New,Eligible,Eligible,"$7,500"
Kandi,354,24,K23,Sedan or Wagon,2020,Electric,New,Eligible,Eligible,"$7,500"
Kandi,355,24,K23,Sedan or Wagon,2021,Electric,New,Eligible,Eligible,"$7,500"
Kandi,356,24,K23,Sedan or Wagon,2022,Electric,New,Eligible,Eligible,"$7,500"
Kandi,357,24,K27,Sedan or Wagon,2020,Electric,New,Eligible,Eligible,"$7,500"
Kandi,358,24,K27,Sedan or Wagon,2022,Electric,New,Eligible,Eligible,"$7,500"
Karma,359,25,"GS-6 (21"" wheels)",Sedan or Wagon,2021,Plug-in Hybrid Electric,New,Eligible,Eligible,"$7,500"
Karma,360,25,"Revero GT (21"" wheels)",Sedan or Wagon,2021,Plug-in Hybrid Electric,New,Eligible,Eligible,"$7,500"
Karma,361,25,"GS-6 (21"" wheels)",Sedan or Wagon,2022,Plug-in Hybrid Electric,New,Eligible,Eligible,"$7,500"
Karma,362,25,"Revero GT (21"" wheels)",Sedan or Wagon,2021,Plug-in Hybrid Electric,New,Eligible,Eligible,"$7,500"
Karma,363,25,"Revero GT (21"" wheels)",Sedan or Wagon,2018,Plug-in Hybrid Electric,New,Eligible,Eligible,"$7,500"
Karma,364,25,"Revero GT (21"" wheels)",Sedan or Wagon,2019,Plug-in Hybrid Electric,New,Eligible,Eligible,"$7,500"
Karma,365,25,"Revero GT (21"" wheels)",Sedan or Wagon,2021,Plug-in Hybrid Electric,New,Eligible,Eligible,"$7,500"
Karma,366,25,"Revero GT (21"" wheels)",Sedan or Wagon,2020,Plug-in Hybrid Electric,New,Eligible,Eligible,"$7,500"
Kia,367,26,EV6 AWD (Long Range),Sedan or Wagon,2022,Electric,New,Eligible,Eligible,"$7,500"
Kia,368,26,EV6 RWD,Sedan or Wagon,2022,Electric,New,Eligible,Eligible,"$7,500"
Kia,369,26,EV6 RWD (Long Range),Sedan or Wagon,2022,Electric,New,Eligible,Eligible,"$7,500"
Kia,370,26,Niro,Sedan or Wagon,2022,Hybrid Electric,New,Eligible,Eligible,"$7,500"
Kia,371,26,Niro Electric,Sedan or Wagon,2022,Electric,New,Eligible,Eligible,"$7,500"
Kia,372,26,Niro FE,Sedan or Wagon,2022,Hybrid Electric,New,Eligible,Eligible,"$7,500"
Kia,373,26,Niro Plug-in Hybrid,Sedan or Wagon,2022,Plug-in Hybrid Electric,New,Eligible,Eligible,"$7,500"
Kia,374,26,Niro Touring,Sedan or Wagon,2022,Hybrid Electric,New,Eligible,Eligible,"$7,500"
Kia,375,26,Sorento Hybrid AWD,SUV,2022,Hybrid Electric,New,Eligible,Not Eligible,"$7,500"
Kia,376,26,Sorento Hybrid FWD,SUV,2022,Hybrid Electric,New,Eligible,Eligible,"$6,587"
Kia,377,26,Sorento Plug-in Hybrid,SUV,2022,Plug-in Hybrid Electric,New,Eligible,Eligible,"$6,587"
Kia,378,26,Niro,Sedan or Wagon,2021,Hybrid Electric,New,Eligible,Eligible,"$7,500"
Kia,379,26,Niro Electric,Sedan or Wagon,2021,Electric,New,Eligible,Eligible,"$7,500"
Kia,380,26,Niro FE,Sedan or Wagon,2021,Hybrid Electric,New,Eligible,Eligible,"$7,500"
Kia,381,26,Niro Plug-in Hybrid,Sedan or Wagon,2021,Plug-in Hybrid Electric,New,Eligible,Eligible,"$7,500"
Kia,382,26,Niro Touring,Sedan or Wagon,2021,Hybrid Electric,New,Eligible,Eligible,"$7,500"
Kia,383,26,Sorento Hybrid,SUV,2021,Hybrid Electric,New,Eligible,Eligible,"$6,587"
Kia,384,26,Niro,Sedan or Wagon,2019,Electric,New,Eligible,Eligible,"$7,500"
Kia,385,26,Niro,Sedan or Wagon,2018,Plug-in Hybrid Electric,New,Eligible,Eligible,"$4,543"
KIa,386,26,Optima,Sedan or Wagon,2017,Plug-in Hybrid Electric,New,Eligible,Eligible,"$4,919"
KIa,387,26,Optima,Sedan or Wagon,2018,Plug-in Hybrid Electric,New,Eligible,Eligible,"$4,919"
KIa,388,26,Optima,Sedan or Wagon,2019,Plug-in Hybrid Electric,New,Eligible,Eligible,"$4,919"
KIa,389,26,Optima,Sedan or Wagon,2020,Plug-in Hybrid Electric,New,Eligible,Eligible,"$4,919"
KIa,390,26,Soul Electric,Sedan or Wagon,2015,Electric,New,Eligible,Eligible,"$7,500"
KIa,391,26,Soul Electric,Sedan or Wagon,2016,Electric,New,Eligible,Eligible,"$7,500"
KIa,392,26,Soul Electric,Sedan or Wagon,2017,Electric,New,Eligible,Eligible,"$7,500"
KIa,393,26,Soul Electric,Sedan or Wagon,2018,Electric,New,Eligible,Eligible,"$7,500"
KIa,394,26,Soul Electric,Sedan or Wagon,2019,Electric,New,Eligible,Eligible,"$7,500"
KIa,395,26,Soul Electric,Sedan or Wagon,2020,Electric,New,Eligible,Eligible,"$7,500"
Kia,396,26,Sportage,Sedan or Wagon,2023,Plug-in Hybrid Electric,New,Eligible,Eligible,"$6,587"
Land Rover,397,27,Defender 110 MHEV,SUV,2022,Hybrid Electric,New,Not Eligible,Not Eligible,NIL
Land Rover,398,27,Defender 90 MHEV,SUV,2022,Hybrid Electric,New,Not Eligible,Not Eligible,NIL
Land Rover,399,27,Discovery MHEV,SUV,2022,Hybrid Electric,New,Not Eligible,Not Eligible,NIL
Land Rover,400,27,New Range Rover P360 LWB MHEV,SUV,2022,Hybrid Electric,New,Eligible,Eligible,"$7,500"
Land Rover,401,27,New Range Rover P360 MHEV,SUV,2022,Hybrid Electric,New,Eligible,Eligible,"$7,500"
Land Rover,402,27,New Range Rover P400 LWB MHEV,SUV,2022,Hybrid Electric,New,Eligible,Eligible,"$7,500"
Land Rover,403,27,New Range Rover P400 MHEV,SUV,2022,Hybrid Electric,New,Eligible,Eligible,"$7,500"
Land Rover,404,27,Range Rover Evoque MHEV,SUV,2022,Hybrid Electric,New,Eligible,Eligible,"$7,500"
Land Rover,405,27,Range Rover P360 MHEV,SUV,2022,Hybrid Electric,New,Eligible,Eligible,"$7,500"
Land Rover,406,27,Range Rover P400 MHEV,SUV,2022,Plug-in Hybrid Electric,New,Eligible,Eligible,"$7,500"
Land Rover,407,27,Range Rover Sport P360 MHEV,SUV,2022,Hybrid Electric,New,Eligible,Eligible,"$7,500"
Land Rover,408,27,Range Rover Sport P400 MHEV,SUV,2022,Hybrid Electric,New,Eligible,Eligible,"$7,500"
Land Rover,409,27,Range Rover Sport PHEV,SUV,2022,Hybrid Electric,New,Eligible,Eligible,"$7,500"
Land Rover,410,27,Range Rover Velar P340 MHEV,SUV,2022,Plug-in Hybrid Electric,New,Eligible,Eligible,"$7,500"
Land Rover,411,27,Range Rover Velar P400 MHEV,SUV,2022,Hybrid Electric,New,Eligible,Eligible,"$7,500"
Land Rover,412,27,Defender 110 MHEV,SUV,2022,Hybrid Electric,New,Not Eligible,Not Eligible,NIL
Land Rover,413,27,Defender 90 MHEV,SUV,2021,Hybrid Electric,New,Not Eligible,Not Eligible,NIL
Land Rover,414,27,Discovery MHEV,SUV,2021,Hybrid Electric,New,Not Eligible,Not Eligible,NIL
Land Rover,415,27,Range Rover MHEV,SUV,2021,Hybrid Electric,New,Eligible,Eligible,"$6,295"
Land Rover,416,27,Range Rover PHEV,SUV,2021,Plug-in Hybrid Electric,New,Not Eligible,Eligible,"$6,295"
Land Rover,417,27,Range Rover Sport MHEV,SUV,2021,Hybrid Electric,New,Eligible,Eligible,"$7,500"
Land Rover,418,27,Range Rover Sport PHEV,SUV,2021,Plug-in Hybrid Electric,New,Eligible,Eligible,"$7,087"
Land Rover,419,27,Range Rover Velar P340 MHEV,SUV,2021,Hybrid Electric,New,Eligible,Eligible,"$7,500"
Land Rover,420,27,Range Rover Velar P400 MHEV,SUV,2021,Hybrid Electric,New,Eligible,Eligible,"$7,500"
Land Rover,421,27,Range Rover (HSE),SUV,2019,Plug-in Hybrid Electric,New,Eligible,Eligible,"$7,087"
Land Rover,422,27,Range Rover Sport,SUV,2019,Plug-in Hybrid Electric,New,Eligible,Eligible,"$7,087"
Land Rover,423,27,Range Rover Sport,SUV,2020,Plug-in Hybrid Electric,New,Eligible,Eligible,"$6,295"
Lexus,424,28,ES 300h,Sedan or Wagon,2022,Hybrid Electric,New,Not Eligible,Not Eligible,NIL
Lexus,425,28,LC 500h,Sedan or Wagon,2022,Hybrid Electric,New,Not Eligible,Not Eligible,NIL
Lexus,426,28,LS 500h AWD,Sedan or Wagon,2022,Hybrid Electric,New,Not Eligible,Not Eligible,NIL
Lexus,427,28,NX 350h AWD,SUV,2022,Hybrid Electric,New,Not Eligible,Not Eligible,NIL
Lexus,428,28,NX 450+ AWD,SUV,2022,Plug-in Hybrid Electric,New,Not Eligible,Not Eligible,NIL
Lexus,429,28,RX 450h AWD,SUV,2022,Hybrid Electric,New,Not Eligible,Not Eligible,NIL
Lexus,430,28,RX 450h L AWD,SUV,2022,Hybrid Electric,New,Not Eligible,Not Eligible,NIL
Lexus,431,28,UX 250h,Sedan or Wagon,2022,Hybrid Electric,New,Not Eligible,Not Eligible,NIL
Lexus,432,28,UX 250h AWD,Sedan or Wagon,2022,Hybrid Electric,New,Not Eligible,Not Eligible,NIL
Lexus,433,28,ES 300h,Sedan or Wagon,2021,Hybrid Electric,New,Not Eligible,Not Eligible,NIL
Lexus,434,28,LC 500h,Sedan or Wagon,2021,Hybrid Electric,New,Not Eligible,Not Eligible,NIL
Lexus,435,28,LS 500h,Sedan or Wagon,2021,Hybrid Electric,New,Not Eligible,Not Eligible,NIL
Lexus,436,28,LS 500h AWD,Sedan or Wagon,2021,Hybrid Electric,New,Not Eligible,Not Eligible,NIL
Lexus,437,28,NX 300h AWD,SUV,2021,Hybrid Electric,New,Not Eligible,Not Eligible,NIL
Lexus,438,28,RX 450h AWD,SUV,2021,Hybrid Electric,New,Not Eligible,Not Eligible,NIL
Lexus,439,28,RX 450h L AWD,SUV,2021,Hybrid Electric,New,Not Eligible,Not Eligible,NIL
Lexus,440,28,UX 250h,Sedan or Wagon,2021,Hybrid Electric,New,Not Eligible,Not Eligible,NIL
Lexus,441,28,UX 250h AWD,Sedan or Wagon,2021,Hybrid Electric,New,Not Eligible,Not Eligible,NIL
Lincoln,442,29,Aviator AWD PHEV,SUV,2022,Plug-in Hybrid Electric,New,Not Eligible,Not Eligible,NIL
Lincoln,443,29,Corsair AWD PHEV,SUV,2022,Plug-in Hybrid Electric,New,Not Eligible,Not Eligible,NIL
Lincoln,444,29,Aviator AWD PHEV,SUV,2021,Plug-in Hybrid Electric,New,Not Eligible,Not Eligible,NIL
Lincoln,445,29,Corsair AWD PHEV,SUV,2021,Plug-in Hybrid Electric,New,Eligible,Eligible,"$6,843"
Lincoln,446,29,Corsair AWD PHEV Grand,SUV,2021,Plug-in Hybrid Electric,New,Eligible,Eligible,"$6,885"
Lincoln,447,29,Avaitor Grand Touring,SUV,2020,Plug-in Hybrid Electric,New,Eligible,Eligible,"$6,534"
Lincoln,448,29,Avaitor Grand Touring,SUV,2022,Plug-in Hybrid Electric,New,Eligible,Eligible,"$6,534"
"Lucid USA, Inc",449,30,"Air Dream P AWD w or 19"" wheels",Sedan or Wagon,2022,Electric,New,Eligible,Eligible,"$7,500"
"Lucid USA, Inc",450,30,"Air Dream P AWD w or 21"" wheels",Sedan or Wagon,2022,Electric,New,Eligible,Eligible,"$7,500"
"Lucid USA, Inc",451,30,"Air Dream R AWD w or 19"" wheels",Sedan or Wagon,2022,Electric,New,Eligible,Eligible,"$7,500"
"Lucid USA, Inc",452,30,"Air Dream R AWD w or 21"" wheels",Sedan or Wagon,2022,Electric,New,Eligible,Eligible,"$7,500"
"Lucid USA, Inc",453,30,"Air G Touring AWD w or 19"" wheels",Sedan or Wagon,2022,Electric,New,Eligible,Eligible,"$7,500"
"Lucid USA, Inc",454,30,"Air G Touring AWD w or 21"" wheels",Sedan or Wagon,2022,Electric,New,Eligible,Eligible,"$7,500"
Mazda,455,31,MX-30,Sedan or Wagon,2022,Electric,New,Eligible,Eligible,"$7,500"
Mclaren,456,32,Artura,Sedan or Wagon,2022,Electric,New,Eligible,Eligible,"$4,585"
Mclaren,457,32,Artura,Sedan or Wagon,2022,Plug-in Hybrid Electric,New,Eligible,Eligible,"$4,585"
Mercedes-Benz,458,33,AMG E53 4MATIC+ (Convertible),Sedan or Wagon,2022,Hybrid Electric,New,Eligible,Eligible,"$7,500"
Mercedes-Benz,459,33,AMG E53 4MATIC+ (Coupe),Sedan or Wagon,2022,Hybrid Electric,New,Not Eligible,Eligible,"$7,500"
Mercedes-Benz,460,33,AMG GLE 53 4MATIC+,SUV,2022,Hybrid Electric,New,Not Eligible,Not Eligible,NIL
Mercedes-Benz,461,33,AMG GLE 53 4MATIC+ (Coupe),SUV,2022,Hybrid Electric,New,Not Eligible,Not Eligible,NIL
Mercedes-Benz,462,33,AMG GLE 63 4MATIC+,SUV,2022,Hybrid Electric,New,Not Eligible,Not Eligible,NIL
Mercedes-Benz,463,33,AMG GLE 63 S 4MATIC+,SUV,2022,Hybrid Electric,New,Not Eligible,Not Eligible,NIL
Mercedes-Benz,464,33,AMG GLE 63 S 4MATIC+ (coupe),SUV,2022,Hybrid Electric,New,Not Eligible,Not Eligible,NIL
Mercedes-Benz,465,33,AMG GT 43 4MATIC+,Sedan or Wagon,2022,Hybrid Electric,New,Eligible,Eligible,"$7,500"
Mercedes-Benz,466,33,AMG GT 53 4MATIC+,Sedan or Wagon,2022,Hybrid Electric,New,Eligible,Eligible,"$7,500"
Mercedes-Benz,467,33,C 300,Sedan or Wagon,2022,Hybrid Electric,New,Not Eligible,Not Eligible,NIL
Mercedes-Benz,468,33,C 300 4MATIC,Sedan or Wagon,2022,Hybrid Electric,New,Not Eligible,Not Eligible,NIL
Mercedes-Benz,469,33,CLS 450 4MATIC,Sedan or Wagon,2022,Hybrid Electric,New,Not Eligible,Not Eligible,NIL
Mercedes-Benz,470,33,E 450 4MATIC,Sedan or Wagon,2022,Hybrid Electric,New,Not Eligible,Not Eligible,NIL
Mercedes-Benz,471,33,E 450 4MATIC All-Terrain (wagon),Sedan or Wagon,2022,Hybrid Electric,New,Not Eligible,Not Eligible,NIL
Mercedes-Benz,472,33,E 450 4MATIC (Convertible),Sedan or Wagon,2022,Hybrid Electric,New,Not Eligible,Not Eligible,NIL
Mercedes-Benz,473,33,E 450 4MATIC (Coupe),Sedan or Wagon,2022,Hybrid Electric,New,Not Eligible,Not Eligible,NIL
Mercedes-Benz,474,33,E 450 (Convertible),Sedan or Wagon,2022,Hybrid Electric,New,Not Eligible,Not Eligible,NIL
Mercedes-Benz,475,33,E 450 (Coupe),Sedan or Wagon,2022,Hybrid Electric,New,Not Eligible,Not Eligible,NIL
Mercedes-Benz,476,33,EQS450+,Sedan or Wagon,2022,Electric,New,Eligible,Eligible,"$7,500"
Mercedes-Benz,477,33,EQS 580 4MATIC,Sedan or Wagon,2022,Electric,New,Not Eligible,Not Eligible,NIL
Mercedes-Benz,478,33,GLE 450 4MATIC,SUV,2022,Hybrid Electric,New,Eligible,Eligible,"$7,500"
Mercedes-Benz,479,33,GLE 580 4MATIC,SUV,2022,Hybrid Electric,New,Eligible,Eligible,"$7,500"
Mercedes-Benz,480,33,GLS 450 4MATIC,SUV,2022,Hybrid Electric,New,Not Eligible,Not Eligible,NIL
Mercedes-Benz,481,33,GLS 580 4MATIC,SUV,2022,Hybrid Electric,New,Not Eligible,Not Eligible,NIL
Mercedes-Benz,482,33,GLS 600 4MATIC Maybach,SUV,2022,Hybrid Electric,New,Not Eligible,Not Eligible,NIL
Mercedes-Benz,483,33,EQS 500 4MATIC,Sedan or Wagon,2022,Hybrid Electric,New,Eligible,Eligible,"$7,500"
Mercedes-Benz,484,33,EQS 580 4MATIC,Sedan or Wagon,2022,Hybrid Electric,New,Eligible,Eligible,"$7,500"
Mercedes-Benz,485,33,EQS 580 4MATIC Maybach,Sedan or Wagon,2022,Hybrid Electric,New,Eligible,Eligible,"$7,500"
Mercedes-Benz,486,33,AMG CLS 53 4MATIC+,Sedan or Wagon,2021,Hybrid Electric,New,Not Eligible,Not Eligible,NIL
Mercedes-Benz,487,33,AMG E53 4MATIC+,Sedan or Wagon,2021,Hybrid Electric,New,Not Eligible,Not Eligible,NIL
Mercedes-Benz,488,33,AMG E53 4MATIC+ (Convertible),Sedan or Wagon,2021,Hybrid Electric,New,Not Eligible,Not Eligible,NIL
Mercedes-Benz,489,33,AMG E53 4MATIC+ (Coupe),Sedan or Wagon,2021,Hybrid Electric,New,Not Eligible,Not Eligible,NIL
Mercedes-Benz,490,33,AMG GLE 53 4MATIC+,SUV,2021,Hybrid Electric,New,Not Eligible,Not Eligible,NIL
Mercedes-Benz,491,33,AMG GLE 53 4MATIC+ Coupe,SUV,2021,Hybrid Electric,New,Not Eligible,Not Eligible,NIL
Mercedes-Benz,492,33,AMG GLE 63 4MATIC+,SUV,2021,Hybrid Electric,New,Not Eligible,Not Eligible,NIL
Mercedes-Benz,493,33,AMG GLE 63 S 4MATIC+ Coupe,SUV,2021,Hybrid Electric,New,Not Eligible,Not Eligible,NIL
Mercedes-Benz,494,33,AMG GLS 63 4MATIC+,SUV,2021,Hybrid Electric,New,Not Eligible,Not Eligible,NIL
Mercedes-Benz,495,33,AMG GT 43 4MATIC+,Sedan or Wagon,2021,Hybrid Electric,New,Not Eligible,Not Eligible,NIL
Mercedes-Benz,496,33,AMG GT 53 4MATIC+,Sedan or Wagon,2021,Hybrid Electric,New,Not Eligible,Not Eligible,NIL
Mercedes-Benz,497,33,CLS 450,Sedan or Wagon,2021,Hybrid Electric,New,Not Eligible,Not Eligible,NIL
Mercedes-Benz,498,33,CLS 450 4MATIC,Sedan or Wagon,2021,Hybrid Electric,New,Not Eligible,Not Eligible,NIL
Mercedes-Benz,499,33,E 450 4MATIC,Sedan or Wagon,2021,Hybrid Electric,New,Not Eligible,Not Eligible,NIL
Mercedes-Benz,500,33,E 450 4MATIC All-Terrain (wagon),Sedan or Wagon,2021,Hybrid Electric,New,Not Eligible,Not Eligible,NIL
Mercedes-Benz,501,33,E 450 4MATIC (Convertible),Sedan or Wagon,2021,Hybrid Electric,New,Not Eligible,Not Eligible,NIL
Mercedes-Benz,502,33,E 450 4MATIC (Coupe),Sedan or Wagon,2021,Hybrid Electric,New,Not Eligible,Not Eligible,NIL
Mercedes-Benz,503,33,E 450 (Convertible),Sedan or Wagon,2021,Hybrid Electric,New,Not Eligible,Not Eligible,NIL
Mercedes-Benz,504,33,E 450 (Coupe),Sedan or Wagon,2021,Hybrid Electric,New,Not Eligible,Not Eligible,NIL
Mercedes-Benz,505,33,GLE 450 4MATIC,SUV,2021,Hybrid Electric,New,Not Eligible,Not Eligible,NIL
Mercedes-Benz,506,33,GLE 580 4MATIC,SUV,2021,Hybrid Electric,New,Not Eligible,Not Eligible,NIL
Mercedes-Benz,507,33,GLS 450 4MATIC,SUV,2021,Hybrid Electric,New,Not Eligible,Not Eligible,NIL
Mercedes-Benz,508,33,GLS 580 4MATIC,SUV,2021,Hybrid Electric,New,Not Eligible,Not Eligible,NIL
Mercedes-Benz,509,33,GLS 600 4MATIC Maybach,SUV,2021,Hybrid Electric,New,Not Eligible,Not Eligible,NIL
Mercedes-Benz,510,33,S 500 4MATIC,Sedan or Wagon,2021,Hybrid Electric,New,Eligible,Eligible,"$7,500"
Mercedes-Benz,511,33,S 580 4MATIC,Sedan or Wagon,2021,Hybrid Electric,New,Eligible,Eligible,"$7,500"
Mercedes-Benz,512,33,S 580 4MATIC Maybach,Sedan or Wagon,2021,Hybrid Electric,New,Eligible,Eligible,"$7,500"
Mercedes-Benz,513,33,B-Class,Sedan or Wagon,2014,Electric,New,Eligible,Eligible,"$7,500"
Mercedes-Benz,514,33,B-Class,Sedan or Wagon,2015,Electric,New,Eligible,Eligible,"$7,500"
Mercedes-Benz,515,33,B-Class,Sedan or Wagon,2016,Electric,New,Eligible,Eligible,"$7,500"
Mercedes-Benz,516,33,B-Class,Sedan or Wagon,2017,Electric,New,Eligible,Eligible,"$7,500"
Mercedes-Benz,517,33,C350e,Sedan or Wagon,2016,Plug-in Hybrid Electric,New,Eligible,Eligible,"$3,501"
Mercedes-Benz,518,33,C350e,Sedan or Wagon,2017,Plug-in Hybrid Electric,New,Eligible,Eligible,"$3,501"
Mercedes-Benz,519,33,C350e,Sedan or Wagon,2018,Plug-in Hybrid Electric,New,Eligible,Eligible,"$3,501"
Mercedes-Benz,520,33,EQB300 4Matic,SUV,2022,Electric,New,Eligible,Eligible,"$7,500"
Mercedes-Benz,521,33,EQB350 4Matic,SUV,2022,Electric,New,Eligible,Eligible,"$7,500"
Mercedes-Benz,522,33,GLC350e 4Matic EQ,SUV,2018,Plug-in Hybrid Electric,New,Eligible,Eligible,"$4,460"
Mercedes-Benz,523,33,GLC350e 4Matic EQ,SUV,2019,Plug-in Hybrid Electric,New,Eligible,Eligible,"$4,460"
Mercedes-Benz,524,33,GLC350e 4Matic,SUV,2020,Plug-in Hybrid Electric,New,Eligible,Eligible,"$6,462"
Mercedes-Benz,525,33,S550e,SUV,2015,Plug-in Hybrid Electric,New,Eligible,Eligible,"$4,460"
Mercedes-Benz,526,33,S550e,SUV,2016,Plug-in Hybrid Electric,New,Eligible,Eligible,"$4,460"
Mercedes-Benz,527,33,S550e,SUV,2017,Plug-in Hybrid Electric,New,Eligible,Eligible,"$4,460"
Mercedes-Benz,528,33,S550e EQ,SUV,2020,Plug-in Hybrid Electric,New,Eligible,Eligible,"$6,462"
Mercedes-Benz,529,33,AMG E53 4MATIC+,Sedan or Wagon,2022,Hybrid Electric,New,Eligible,Eligible,"$7,500"
Mini,530,34,Cooper SE Countryman ALL4,Sedan or Wagon,2022,Plug-in Hybrid Electric,New,Not Eligible,Not Eligible,NIL
Mini,531,34,Cooper SE Hardtop 2 door,Sedan or Wagon,2022,Electric,New,Eligible,Eligible,"$7,500"
Mini,532,34,Cooper SE Countryman ALL4,Sedan or Wagon,2021,Plug-in Hybrid Electric,New,Not Eligible,Not Eligible,NIL
Mini,533,34,Cooper SE Hardtop 2 door,Sedan or Wagon,2021,Electric,New,Eligible,Eligible,"$7,500"
Mini,534,34,Cooper SE Countryman ALL4,Sedan or Wagon,2018,Plug-in Hybrid Electric,New,Eligible,Eligible,"$4,001"
Mini,535,34,Cooper SE Countryman ALL4,Sedan or Wagon,2019,Plug-in Hybrid Electric,New,Eligible,Eligible,"$4,001"
Mini,536,34,Cooper SE Hardtop,Sedan or Wagon,2020,Electric,New,Eligible,Eligible,"$7,500"
Mitsubishi Motors,537,35,Outlander PHEV,SUV,2022,Plug-in Hybrid Electric,New,Eligible,Eligible,"$6,587"
Mitsubishi Motors,538,35,Outlander PHEV,SUV,2021,Plug-in Hybrid Electric,New,Eligible,Eligible,"$6,587"
Mitsubishi Motors,539,35,i-MiEV,Sedan or Wagon,2014,Electric,New,Eligible,Eligible,"$7,500"
Mitsubishi Motors,540,35,i-MiEV,Sedan or Wagon,2016,Electric,New,Eligible,Eligible,"$7,500"
Mitsubishi Motors,541,35,i-MiEV,Sedan or Wagon,2012,Electric,New,Eligible,Eligible,"$7,500"
Mitsubishi Motors,542,35,i-MiEV,Sedan or Wagon,2017,Electric,New,Eligible,Eligible,"$7,500"
Mitsubishi Motors,543,35,Outlander PHEV,SUV,2018,Plug-in Hybrid Electric,New,Eligible,Eligible,"$5,836"
Mitsubishi Motors,544,35,Outlander PHEV,SUV,2019,Plug-in Hybrid Electric,New,Eligible,Eligible,"$5,836"
Mitsubishi Motors,545,35,Outlander PHEV,SUV,2020,Plug-in Hybrid Electric,New,Eligible,Eligible,"$5,836"
Nissan,546,36,Leaf (40 kWh battery pack),Sedan or Wagon,2022,Electric,New,Eligible,Eligible,"$7,500"
Nissan,547,36,Leaf (62 kWh battery pack),Sedan or Wagon,2022,Electric,New,Eligible,Eligible,"$7,500"
Nissan,548,36,Leaf SV or SL (62 kWh battery pack),Sedan or Wagon,2022,Electric,New,Eligible,Eligible,"$7,500"
Nissan,549,36,Leaf (40 kWh battery pack),Sedan or Wagon,2021,Electric,New,Eligible,Eligible,"$7,500"
Nissan,550,36,Leaf (62 kWh battery pack),Sedan or Wagon,2021,Electric,New,Eligible,Eligible,"$7,500"
Nissan,551,36,Leaf SV or SL (62 kWh battery pack),Sedan or Wagon,2021,Electric,New,Eligible,Eligible,"$7,500"
Nissan,552,36,Leaf,Sedan or Wagon,2011,Electric,New,Eligible,Eligible,"$5,836"
Nissan,553,36,Leaf,Sedan or Wagon,2012,Electric,New,Eligible,Eligible,"$5,836"
Nissan,554,36,Leaf,Sedan or Wagon,2013,Electric,New,Eligible,Eligible,"$5,836"
Nissan,555,36,Leaf,Sedan or Wagon,2014,Electric,New,Eligible,Eligible,"$5,836"
Nissan,556,36,Leaf,Sedan or Wagon,2015,Electric,New,Eligible,Eligible,"$5,836"
Nissan,557,36,Leaf,Sedan or Wagon,2016,Electric,New,Eligible,Eligible,"$5,836"
Nissan,558,36,Leaf,Sedan or Wagon,2017,Electric,New,Eligible,Eligible,"$5,836"
Nissan,559,36,Leaf,Sedan or Wagon,2018,Electric,New,Eligible,Eligible,"$5,836"
Nissan,560,36,Leaf,Sedan or Wagon,2019,Electric,New,Eligible,Eligible,"$5,836"
Nissan,561,36,Leaf,Sedan or Wagon,2020,Electric,New,Eligible,Eligible,"$5,836"
Polestar Automotive USA,562,37,Polestar 1,Sedan or Wagon,2020,Plug-in Hybrid Electric,New,Eligible,Eligible,"$7,500"
Polestar Automotive USA,563,37,Polestar 2 (Dual Motor),Sedan or Wagon,2022,Electric,New,Eligible,Eligible,"$7,500"
Polestar Automotive USA,564,37,Polestar 2 (Single Motor),Sedan or Wagon,2022,Electric,New,Eligible,Eligible,"$7,500"
Polestar Automotive USA,565,37,Polestar 2,Sedan or Wagon,2021,Electric,New,Eligible,Eligible,"$7,500"
Polestar Automotive USA ,566,37,Polestar I,Sedan or Wagon,2021,Plug-in Hybrid Electric,New,Eligible,Eligible,"$7,500"
Porsche,567,38,Cayenne or Coupe or Platinum e-Hybrid,SUV,2022,Plug-in Hybrid Electric,New,Eligible,Eligible,"$7,500"
Porsche,568,38,Cayenne Turbo S or Coupe e-Hybrid,SUV,2022,Plug-in Hybrid Electric,New,Eligible,Eligible,"$7,500"
Porsche,569,38,Panamera 4 E-Hybrid Executive,Sedan or Wagon,2022,Plug-in Hybrid Electric,New,Eligible,Eligible,"$7,500"
Porsche,570,38,Panamera 4S E-Hybrid Executive,Sedan or Wagon,2022,Plug-in Hybrid Electric,New,Eligible,Eligible,"$7,500"
Porsche,571,38,Panamera Turbo S E-Hybrid Executive or ST,Sedan or Wagon,2022,Plug-in Hybrid Electric,New,Eligible,Eligible,"$7,500"
Porsche,572,38,Taycan 4 Cross Turismo,Sedan or Wagon,2022,Electric,New,Eligible,Eligible,"$7,500"
Porsche,573,38,Taycan 4S Cross Turismo,Sedan or Wagon,2022,Electric,New,Eligible,Eligible,"$7,500"
Porsche,574,38,Taycan 4S Perf Battery,Sedan or Wagon,2022,Electric,New,Eligible,Eligible,"$7,500"
Porsche,575,38,Taycan 4S Perf Battery Plus,Sedan or Wagon,2022,Electric,New,Eligible,Eligible,"$7,500"
Porsche,576,38,Taycan Perf Battery,Sedan or Wagon,2022,Electric,New,Eligible,Eligible,"$7,500"
Porsche,577,38,Taycan Perf Battery Plus,Sedan or Wagon,2022,Electric,New,Eligible,Eligible,"$7,500"
Porsche,578,38,Taycan Turbo,Sedan or Wagon,2022,Electric,New,Eligible,Eligible,"$7,500"
Porsche,579,38,Taycan Turbo Cross Turismo,Sedan or Wagon,2022,Electric,New,Eligible,Eligible,"$7,500"
Porsche,580,38,Taycan Turbo S,Sedan or Wagon,2022,Electric,New,Eligible,Eligible,"$7,500"
Porsche,581,38,Taycan Turbo S Cross Turismo,Sedan or Wagon,2022,Electric,New,Eligible,Eligible,"$7,500"
Porsche,582,38,Cayenne e-Hybrid,SUV,2021,Plug-in Hybrid Electric,New,Eligible,Eligible,"$7,500"
Porsche,583,38,Cayenne e-Hybrid Coupe,SUV,2021,Plug-in Hybrid Electric,New,Eligible,Eligible,"$7,500"
Porsche,584,38,Cayenne Turbo S e-Hybrid,SUV,2021,Plug-in Hybrid Electric,New,Eligible,Eligible,"$7,500"
Porsche,585,38,Cayenne Turbo S e-Hybrid Coupe,SUV,2021,Plug-in Hybrid Electric,New,Eligible,Eligible,"$7,500"
Porsche,586,38,Panamera 4 E-Hybrid,Sedan or Wagon,2021,Plug-in Hybrid Electric,New,Eligible,Eligible,"$7,500"
Porsche,587,38,Panamera 4 E-Hybrid Executive,Sedan or Wagon,2021,Plug-in Hybrid Electric,New,Eligible,Eligible,"$7,500"
Porsche,588,38,Panamera 4 E-Hybrid ST,Sedan or Wagon,2021,Plug-in Hybrid Electric,New,Eligible,Eligible,"$7,500"
Porsche,589,38,Panamera 4S E-Hybrid,Sedan or Wagon,2021,Plug-in Hybrid Electric,New,Eligible,Eligible,"$7,500"
Porsche,590,38,Panamera 4S E-Hybrid Executive,Sedan or Wagon,2021,Plug-in Hybrid Electric,New,Eligible,Eligible,"$7,500"
Porsche,591,38,Panamera 4S E-Hybrid ST,Sedan or Wagon,2021,Plug-in Hybrid Electric,New,Eligible,Eligible,"$7,500"
Porsche,592,38,Panamera Turbo S E-Hybrid,Sedan or Wagon,2021,Plug-in Hybrid Electric,New,Eligible,Eligible,"$7,500"
Porsche,593,38,Panamera Turbo S E-Hybrid Executive,Sedan or Wagon,2021,Plug-in Hybrid Electric,New,Eligible,Eligible,"$7,500"
Porsche,594,38,Panamera Turbo S E-Hybrid ST,Sedan or Wagon,2021,Plug-in Hybrid Electric,New,Eligible,Eligible,"$7,500"
Porsche,595,38,Taycan 4S Perf Battery,Sedan or Wagon,2021,Electric,New,Eligible,Eligible,"$7,500"
Porsche,596,38,Taycan 4S Perf Battery Plus,Sedan or Wagon,2021,Electric,New,Eligible,Eligible,"$7,500"
Porsche,597,38,Taycan Perf Battery,Sedan or Wagon,2021,Electric,New,Eligible,Eligible,"$7,500"
Porsche,598,38,Taycan Perf Battery Plus,Sedan or Wagon,2021,Electric,New,Eligible,Eligible,"$7,500"
Porsche,599,38,Taycan Turbo,Sedan or Wagon,2021,Electric,New,Eligible,Eligible,"$7,500"
Porsche,600,38,Taycan Turbo S,Sedan or Wagon,2021,Electric,New,Eligible,Eligible,"$7,500"
Porsche,601,38,918 Spyder,Sedan or Wagon,2015,Plug-in Hybrid Electric,New,Eligible,Eligible,"$3,667"
Porsche,602,38,Cayenne E-Hybrid,Sedan or Wagon,2019,Plug-in Hybrid Electric,New,Eligible,Eligible,"$6,712"
Porsche,603,38,Cayenne E-Hybrid,Sedan or Wagon,2020,Plug-in Hybrid Electric,New,Eligible,Eligible,"$6,712"
Porsche,604,38,Cayenne E-Hybrid Coupe,Sedan or Wagon,2020,Plug-in Hybrid Electric,New,Eligible,Eligible,"$6,712"
Porsche,605,38,Cayenne S E-Hybrid,Sedan or Wagon,2015,Plug-in Hybrid Electric,New,Eligible,Eligible,"$5,536"
Porsche,606,38,Cayenne S E-Hybrid,Sedan or Wagon,2016,Plug-in Hybrid Electric,New,Eligible,Eligible,"$5,536"
Porsche,607,38,Cayenne S E-Hybrid,Sedan or Wagon,2017,Plug-in Hybrid Electric,New,Eligible,Eligible,"$5,536"
Porsche,608,38,Cayenne S E-Hybrid,Sedan or Wagon,2018,Plug-in Hybrid Electric,New,Eligible,Eligible,"$5,536"
Porsche,609,38,Cayenne S E-Hybrid,Sedan or Wagon,2020,Plug-in Hybrid Electric,New,Eligible,Eligible,"$6,712"
Porsche,610,38,Cayenne S E-Hybrid Coupe,Sedan or Wagon,2020,Plug-in Hybrid Electric,New,Eligible,Eligible,"$6,712"
Porsche,611,38,Panamera 4 E-Hybrid,Sedan or Wagon,2018,Plug-in Hybrid Electric,New,Eligible,Eligible,"$6,670"
Porsche,612,38,Panamera 4 E-Hybrid,Sedan or Wagon,2019,Plug-in Hybrid Electric,New,Eligible,Eligible,"$6,712"
Porsche,613,38,Panamera 4 E-Hybrid,Sedan or Wagon,2020,Plug-in Hybrid Electric,New,Eligible,Eligible,"$6,670"
Porsche,614,38,Panamera 4 E-Hybrid Executive,Sedan or Wagon,2018,Plug-in Hybrid Electric,New,Eligible,Eligible,"$6,670"
Porsche,615,38,Panamera 4 E-Hybrid Executive,Sedan or Wagon,2019,Plug-in Hybrid Electric,New,Eligible,Eligible,"$6,670"
Porsche,616,38,Panamera 4 E-Hybrid Executive,Sedan or Wagon,2020,Plug-in Hybrid Electric,New,Eligible,Eligible,"$6,670"
Porsche,617,38,Panamera 4 E-Hybrid Sport Turismo,Sedan or Wagon,2018,Plug-in Hybrid Electric,New,Eligible,Eligible,"$6,712"
Porsche,618,38,Panamera 4 E-Hybrid Sport Turismo,Sedan or Wagon,2019,Plug-in Hybrid Electric,New,Eligible,Eligible,"$6,712"
Porsche,619,38,Panamera 4 E-Hybrid Sport Turismo,Sedan or Wagon,2020,Plug-in Hybrid Electric,New,Eligible,Eligible,"$6,712"
Porsche,620,38,Panamera 4 S E-Hybrid,Sedan or Wagon,2014,Plug-in Hybrid Electric,New,Eligible,Eligible,"$4,752"
Porsche,621,38,Panamera 4 S E-Hybrid,Sedan or Wagon,2015,Plug-in Hybrid Electric,New,Eligible,Eligible,"$4,752"
Porsche,622,38,Panamera 4 S E-Hybrid,Sedan or Wagon,2016,Plug-in Hybrid Electric,New,Eligible,Eligible,"$4,752"
Porsche,623,38,Panamera 4 S E-Hybrid,Sedan or Wagon,2018,Plug-in Hybrid Electric,New,Eligible,Eligible,"$6,670"
Porsche,624,38,Panamera 4 S E-Hybrid,Sedan or Wagon,2019,Plug-in Hybrid Electric,New,Eligible,Eligible,"$6,712"
Porsche,625,38,Panamera 4 S E-Hybrid,Sedan or Wagon,2020,Plug-in Hybrid Electric,New,Eligible,Eligible,"$6,712"
Porsche,626,38,Panamera 4 S E-Hybrid Executive,Sedan or Wagon,2018,Plug-in Hybrid Electric,New,Eligible,Eligible,"$6,670"
Porsche,627,38,Panamera 4 S E-Hybrid Executive,Sedan or Wagon,2019,Plug-in Hybrid Electric,New,Eligible,Eligible,"$6,712"
Porsche,628,38,Panamera 4 S E-Hybrid Executive,Sedan or Wagon,2020,Plug-in Hybrid Electric,New,Eligible,Eligible,"$6,712"
Porsche,629,38,Panamera 4 S E-Hybrid Sport Turismo,Sedan or Wagon,2018,Plug-in Hybrid Electric,New,Eligible,Eligible,"$6,670"
Porsche,630,38,Panamera 4 S E-Hybrid Sport Turismo,Sedan or Wagon,2019,Plug-in Hybrid Electric,New,Eligible,Eligible,"$6,712"
Porsche,631,38,Panamera 4 S E-Hybrid Sport Turismo,Sedan or Wagon,2020,Plug-in Hybrid Electric,New,Eligible,Eligible,"$6,712"
Porsche,632,38,Taycan 4 S,Sedan or Wagon,2020,Electric,New,Eligible,Eligible,"$7,500"
Porsche,633,38,Taycan Turbo,Sedan or Wagon,2020,Electric,New,Eligible,Eligible,"$7,500"
Porsche,634,38,Taycan Turbo S,Sedan or Wagon,2020,Electric,New,Eligible,Eligible,"$7,500"
Ram,635,39,1500 2WD,Pickup,2021,Hybrid Electric,New,Eligible,Eligible,"$7,500"
Ram,636,39,1500 4WD,Pickup,2021,Hybrid Electric,New,Eligible,Eligible,"$7,500"
Ram,637,39,1500 HFE 4X2,Pickup,2021,Hybrid Electric,New,Eligible,Eligible,"$7,500"
Ram,638,39,1500 4X2,Pickup,2022,Hybrid Electric,New,Eligible,Eligible,"$7,500"
Ram,639,39,1500 4X4,Pickup,2022,Hybrid Electric,New,Eligible,Eligible,"$7,500"
Ram,640,39,1500 HFE 4X2,Pickup,2022,Hybrid Electric,New,Eligible,Eligible,"$7,500"
Ram,641,39,1500 2WD,Pickup,2021,Hybrid Electric,New,Eligible,Eligible,"$7,500"
Ram,642,39,1500 4WD,Pickup,2021,Hybrid Electric,New,Eligible,Eligible,"$7,500"
Ram,643,39,1500 HFE 4X2,Pickup,2021,Hybrid Electric,New,Eligible,Eligible,"$7,500"
Ram,644,39,1500 4X2,Pickup,2022,Hybrid Electric,New,Eligible,Eligible,"$7,500"
Ram,645,39,1500 4X4,Pickup,2022,Hybrid Electric,New,Eligible,Eligible,"$7,500"
Ram,646,39,1500 HFE 4X2,Pickup,2022,Hybrid Electric,New,Eligible,Eligible,"$7,500"
Rivian,647,40,R1S,SUV,2022,Electric,New,Eligible,Eligible,"$7,500"
Rivian,648,40,R1T,Pickup,2022,Electric,New,Eligible,Eligible,"$7,500"
Smart USA,649,41,Cabrio,Sedan or Wagon,2013,Electric,New,Eligible,Eligible,"$7,500"
Smart USA,650,41,Cabrio,Sedan or Wagon,2014,Electric,New,Eligible,Eligible,"$7,500"
Smart USA,651,41,Cabrio,Sedan or Wagon,2015,Electric,New,Eligible,Eligible,"$7,500"
Smart USA,652,41,Cabrio,Sedan or Wagon,2017,Electric,New,Eligible,Eligible,"$7,500"
Smart USA,653,41,Coupe EV,Sedan or Wagon,2013,Electric,New,Eligible,Eligible,"$7,500"
Smart USA,654,41,Coupe EV,Sedan or Wagon,2014,Electric,New,Eligible,Eligible,"$7,500"
Smart USA,655,41,Coupe EV,Sedan or Wagon,2015,Electric,New,Eligible,Eligible,"$7,500"
Smart USA,656,41,Coupe EV,Sedan or Wagon,2016,Electric,New,Eligible,Eligible,"$7,500"
Smart USA,657,41,Coupe EV,Sedan or Wagon,2017,Electric,New,Eligible,Eligible,"$7,500"
Smart USA,658,41,Coupe EV,Sedan or Wagon,2018,Electric,New,Eligible,Eligible,"$7,500"
Smart USA,659,41,EQ Fortwo Cabrio,Sedan or Wagon,2019,Electric,New,Eligible,Eligible,"$7,500"
Smart USA,660,41,EQ Fortwo Coupe,Sedan or Wagon,2019,Electric,New,Eligible,Eligible,"$7,500"
Subaru,661,42,Crosstrek Hybrid AWD,SUV,2021,Plug-in Hybrid Electric,New,Eligible,Eligible,"$4,502"
Subaru,662,42,Crosstek,Sedan or Wagon,2019,Plug-in Hybrid Electric,New,Eligible,Eligible,"$4,502"
Subaru,663,42,Crosstek,Sedan or Wagon,2020,Plug-in Hybrid Electric,New,Eligible,Eligible,"$4,502"
Subaru,664,42,Crosstek,Sedan or Wagon,2021,Plug-in Hybrid Electric,New,Eligible,Eligible,"$4,502"
Subaru,665,42,Crosstek,Sedan or Wagon,2022,Plug-in Hybrid Electric,New,Eligible,Eligible,"$4,502"
Tesla,666,43,Model 3 (Long Range) AWD,Sedan or Wagon,2022,Electric,New,Eligible,Eligible,"$7,500"
Tesla,667,43,Model 3 Performance AWD,Sedan or Wagon,2022,Electric,New,Eligible,Eligible,"$7,500"
Tesla,668,43,Model 3 RWD,Sedan or Wagon,2022,Electric,New,Eligible,Eligible,"$7,500"
Tesla,669,43,Model S,Sedan or Wagon,2022,Electric,New,Eligible,Eligible,"$7,500"
Tesla,670,43,"Model S Plaid (19"" Wheels)",Sedan or Wagon,2022,Electric,New,Eligible,Eligible,"$7,500"
Tesla,671,43,"Model S Plaid (21"" Wheels)",Sedan or Wagon,2022,Electric,New,Eligible,Eligible,"$7,500"
Tesla,672,43,Model X AWD,SUV,2022,Electric,New,Eligible,Eligible,"$7,500"
Tesla,673,43,"Model X Plaid (20"" Wheels)",SUV,2022,Electric,New,Eligible,Eligible,"$7,500"
Tesla,674,43,"Model X Plaid (22"" Wheels)",SUV,2022,Electric,New,Eligible,Eligible,"$7,500"
Tesla,675,43,Model Y AWD,SUV,2022,Electric,New,Eligible,Eligible,"$7,500"
Tesla,676,43,Model Y (Long Range) AWD,SUV,2022,Electric,New,Eligible,Eligible,"$7,500"
Tesla,677,43,Model Y Performance AWD,SUV,2022,Electric,New,Eligible,Eligible,"$7,500"
Tesla,678,43,Model Y RWD,SUV,2022,Electric,New,Eligible,Eligible,"$7,500"
Tesla,679,43,Model 3 Long Range AWD,Sedan or Wagon,2021,Electric,New,Eligible,Eligible,"$7,500"
Tesla,680,43,Model 3 Performance AWD,Sedan or Wagon,2021,Electric,New,Eligible,Eligible,"$7,500"
Tesla,681,43,Model 3 Standard Range Plus RWD,Sedan or Wagon,2021,Electric,New,Eligible,Eligible,"$7,500"
Tesla,682,43,Model S Long Range,Sedan or Wagon,2021,Electric,New,Eligible,Eligible,"$7,500"
Tesla,683,43,"Model S Performance (19"" Wheels)",Sedan or Wagon,2021,Electric,New,Eligible,Eligible,"$7,500"
Tesla,684,43,"Model S Plaid (21"" Wheels)",Sedan or Wagon,2021,Electric,New,Eligible,Eligible,"$7,500"
Tesla,685,43,Model X Long Range Plus,SUV,2021,Electric,New,Eligible,Eligible,"$7,500"
Tesla,686,43,"Model X Performance (20"" Wheels)",SUV,2021,Electric,New,Eligible,Eligible,"$7,500"
Tesla,687,43,Model Y Long Range AWD,SUV,2021,Electric,New,Eligible,Eligible,"$7,500"
Tesla,688,43,Model Y Performance AWD,SUV,2021,Electric,New,Eligible,Eligible,"$7,500"
Tesla,689,43,Model Y Standard Range RWD,SUV,2021,Electric,New,Eligible,Eligible,"$7,500"
Tesla,690,43,Model 3 (All Model),Sedan or Wagon,2017,Electric,New,Eligible,Eligible,"$7,500"
Tesla,691,43,Model 3 (All Model),Sedan or Wagon,2018,Electric,New,Eligible,Eligible,"$7,500"
Tesla,692,43,Model 3 (All Model),Sedan or Wagon,2019,Electric,New,Eligible,Eligible,"$7,500"
Tesla,693,43,Model 3 (All Model),Sedan or Wagon,2020,Electric,New,Eligible,Eligible,"$7,500"
Tesla,694,43,Model 2,Sedan or Wagon,2012,Electric,New,Eligible,Eligible,"$7,500"
Tesla,695,43,Model 2,Sedan or Wagon,2013,Electric,New,Eligible,Eligible,"$7,500"
Tesla,696,43,Model 2,Sedan or Wagon,2014,Electric,New,Eligible,Eligible,"$7,500"
Tesla,697,43,Model 2,Sedan or Wagon,2015,Electric,New,Eligible,Eligible,"$7,500"
Tesla,698,43,Model 2,Sedan or Wagon,2016,Electric,New,Eligible,Eligible,"$7,500"
Tesla,699,43,Model 2,Sedan or Wagon,2017,Electric,New,Eligible,Eligible,"$7,500"
Tesla,700,43,Model 2,Sedan or Wagon,2018,Electric,New,Eligible,Eligible,"$7,500"
Tesla,701,43,Model 2,Sedan or Wagon,2019,Electric,New,Eligible,Eligible,"$7,500"
Tesla,702,43,Model 2,Sedan or Wagon,2020,Electric,New,Eligible,Eligible,"$7,500"
Tesla,703,43,Model X,Sedan or Wagon,2016,Electric,New,Eligible,Eligible,"$7,500"
Tesla,704,43,Model X,Sedan or Wagon,2017,Electric,New,Eligible,Eligible,"$7,500"
Tesla,705,43,Model X,Sedan or Wagon,2018,Electric,New,Eligible,Eligible,"$7,500"
Tesla,706,43,Model X,Sedan or Wagon,2019,Electric,New,Eligible,Eligible,"$7,500"
Tesla,707,43,Model X,Sedan or Wagon,2020,Electric,New,Eligible,Eligible,"$7,500"
Think,708,44,City EV,Sedan or Wagon,2011,Electric,New,Eligible,Eligible,"$7,500"
Toyota,709,45,Avalon Hybrid,Sedan or Wagon,2022,Hybrid Electric,New,Eligible,Eligible,"$4,500"
Toyota,710,45,Avalon Hybrid XLE,Sedan or Wagon,2022,Hybrid Electric,New,Not Eligible,Not Eligible,NIL
Toyota,711,45,Camry Hybrid LE,Sedan or Wagon,2022,Hybrid Electric,New,Not Eligible,Not Eligible,NIL
Toyota,712,45,Camry Hybrid SE or XLE or XSE,Sedan or Wagon,2022,Hybrid Electric,New,Not Eligible,Not Eligible,NIL
Toyota,713,45,Corolla Hybrid,Sedan or Wagon,2022,Hybrid Electric,New,Not Eligible,Not Eligible,NIL
Toyota,714,45,Highlander Hybrid,SUV,2022,Hybrid Electric,New,Not Eligible,Not Eligible,NIL
Toyota,715,45,Highlander Hybrid AWD,SUV,2022,Hybrid Electric,New,Not Eligible,Not Eligible,NIL
Toyota,716,45,Highlander Hybrid AWD LTD or PLAT,SUV,2022,Hybrid Electric,New,Not Eligible,Not Eligible,NIL
Toyota,717,45,Prius,Sedan or Wagon,2022,Hybrid Electric,New,Eligible,Eligible,"$4,502"
Toyota,718,45,Prius AWD,Sedan or Wagon,2022,Hybrid Electric,New,Eligible,Eligible,"$4,502"
Toyota,719,45,Prius Eco,Sedan or Wagon,2022,Hybrid Electric,New,Eligible,Eligible,"$4,502"
Toyota,720,45,Prius Prime,Sedan or Wagon,2022,Plug-in Hybrid Electric,New,Eligible,Eligible,"$4,502"
Toyota,721,45,RAV4 Hybrid AWD,SUV,2022,Hybrid Electric,New,Eligible,Eligible,"$7,500"
Toyota,722,45,RAV4 Prime AWD,Sedan or Wagon,2022,Plug-in Hybrid Electric,New,Eligible,Eligible,"$7,500"
Toyota,723,45,Sienna AWD,Van,2022,Hybrid Electric,New,Not Eligible,Not Eligible,NIL
Toyota,724,45,Venza AWD,SUV,2022,Hybrid Electric,New,Not Eligible,Not Eligible,NIL
Toyota,725,45,Avalon Hybrid,Sedan or Wagon,2021,Hybrid Electric,New,Not Eligible,Not Eligible,NIL
Toyota,726,45,Avalon Hybrid XLE,Sedan or Wagon,2021,Hybrid Electric,New,Not Eligible,Not Eligible,NIL
Toyota,727,45,Camry Hybrid LE,Sedan or Wagon,2021,Hybrid Electric,New,Not Eligible,Not Eligible,NIL
Toyota,728,45,Camry Hybrid SE or XLE or XSE,Sedan or Wagon,2021,Hybrid Electric,New,Not Eligible,Not Eligible,NIL
Toyota,729,45,Corolla Hybrid,Sedan or Wagon,2021,Hybrid Electric,New,Not Eligible,Not Eligible,NIL
Toyota,730,45,Highlander Hybrid,SUV,2021,Hybrid Electric,New,Not Eligible,Not Eligible,NIL
Toyota,731,45,Highlander Hybrid AWD,SUV,2021,Hybrid Electric,New,Not Eligible,Not Eligible,NIL
Toyota,732,45,Highlander Hybrid AWD LTD or PLAT,SUV,2021,Hybrid Electric,New,Not Eligible,Not Eligible,NIL
Toyota,733,45,Prius,Sedan or Wagon,2021,Hybrid Electric,New,Eligible,Eligible,"$4,502"
Toyota,734,45,Prius AWD,Sedan or Wagon,2021,Hybrid Electric,New,Eligible,Eligible,"$4,502"
Toyota,735,45,Prius Eco,Sedan or Wagon,2021,Hybrid Electric,New,Eligible,Eligible,"$4,502"
Toyota,736,45,Prius Prime,Sedan or Wagon,2021,Plug-in Hybrid Electric,New,Eligible,Eligible,"$4,502"
Toyota,737,45,RAV4 Hybrid AWD,SUV,2021,Hybrid Electric,New,Eligible,Eligible,"$7,500"
Toyota,738,45,RAV4 Prime AWD,Sedan or Wagon,2021,Plug-in Hybrid Electric,New,Eligible,Eligible,"$7,500"
Toyota,739,45,Sienna,Van,2021,Hybrid Electric,New,Not Eligible,Not Eligible,NIL
Toyota,740,45,Sienna AWD,Van,2021,Hybrid Electric,New,Not Eligible,Not Eligible,NIL
Toyota,741,45,Venza AWD,SUV,2021,Hybrid Electric,New,Not Eligible,Not Eligible,NIL
Toyota,742,45,TUNDRA 2WD,Pickup,2022,Hybrid Electric,New,Not Eligible,Not Eligible,NIL
Toyota,743,45,TUNDRA 4WD,Pickup,2022,Hybrid Electric,New,Not Eligible,Not Eligible,NIL
Toyota,744,45,TUNDRA 4WD PRO,Pickup,2022,Hybrid Electric,New,Not Eligible,Not Eligible,NIL
Toyota,745,45,TUNDRA 2WD,Pickup,2022,Hybrid Electric,New,Not Eligible,Not Eligible,NIL
Toyota,746,45,TUNDRA 4WD,Pickup,2022,Hybrid Electric,New,Not Eligible,Not Eligible,NIL
Toyota,747,45,TUNDRA 4WD PRO,Pickup,2022,Hybrid Electric,New,Not Eligible,Not Eligible,NIL
Toyota,748,45,Prius,SUV,2012,Plug-in Hybrid Electric,New,Eligible,Eligible,"$2,500"
Toyota,749,45,Prius,SUV,2013,Plug-in Hybrid Electric,New,Eligible,Eligible,"$2,500"
Toyota,750,45,Prius,SUV,2014,Plug-in Hybrid Electric,New,Eligible,Eligible,"$2,500"
Toyota,751,45,Prius,SUV,2015,Plug-in Hybrid Electric,New,Eligible,Eligible,"$2,500"
Toyota,752,45,Prius Prime,SUV,2017,Plug-in Hybrid Electric,New,Eligible,Eligible,"$4,502"
Toyota,753,45,Prius Prime,SUV,2018,Plug-in Hybrid Electric,New,Eligible,Eligible,"$4,502"
Toyota,754,45,Prius Prime,SUV,2019,Plug-in Hybrid Electric,New,Eligible,Eligible,"$4,502"
Toyota,755,45,Prius Prime,SUV,2020,Plug-in Hybrid Electric,New,Eligible,Eligible,"$4,502"
Toyota,756,45,RAV4,SUV,2014,Electric,New,Eligible,Eligible,"$7,500"
Toyota,757,45,RAV4,SUV,2015,Electric,New,Eligible,Eligible,"$7,500"
Toyota,758,45,RAV4,SUV,2012,Electric,New,Eligible,Eligible,"$7,500"
Toyota,759,45,RAV4,SUV,2013,Electric,New,Eligible,Eligible,"$7,500"
Toyota,760,45,RAV4,SUV,2014,Electric,New,Eligible,Eligible,"$7,500"
Volkswagen,761,46,ID4 AWD Pro,SUV,2022,Electric,New,Eligible,Eligible,"$7,500"
Volkswagen,762,46,e-golf,SUV,2022,Electric,New,Eligible,Eligible,"$7,500"
Volkswagen,763,46,ID4 AWD Pro S,SUV,2022,Electric,New,Eligible,Eligible,"$7,500"
Volkswagen,764,46,ID4 Pro,SUV,2022,Electric,New,Eligible,Eligible,"$7,500"
Volkswagen,765,46,ID4 Pro S,SUV,2022,Electric,New,Eligible,Eligible,"$7,500"
Volkswagen,766,46,ID4 1st,SUV,2021,Electric,New,Eligible,Eligible,"$7,500"
Volkswagen,767,46,ID4 AWD Pro,SUV,2021,Electric,New,Eligible,Eligible,"$7,500"
Volkswagen,768,46,ID4 Pro,SUV,2021,Electric,New,Eligible,Eligible,"$7,500"
Volkswagen,769,46,ID4 Pro S,SUV,2021,Electric,New,Eligible,Eligible,"$7,500"
Volkswagen,770,46,ID4 Pro S AWD,SUV,2021,Electric,New,Eligible,Eligible,"$7,500"
Volkswagen,771,46,e-golf,SUV,2015,Electric,New,Eligible,Eligible,"$7,500"
Volkswagen,772,46,e-golf,SUV,2016,Electric,New,Eligible,Eligible,"$7,500"
Volkswagen,773,46,e-golf,SUV,2017,Electric,New,Eligible,Eligible,"$7,500"
Volkswagen,774,46,e-golf,SUV,2018,Electric,New,Eligible,Eligible,"$7,500"
Volkswagen,775,46,e-golf,SUV,2019,Electric,New,Eligible,Eligible,"$7,500"
Volkswagen,776,46,ID4,SUV,2021,Electric,New,Eligible,Eligible,"$7,500"
Volvo,777,47,C40 Recharge Twin,SUV,2022,Electric,New,Eligible,Eligible,"$7,500"
Volvo,778,47,S60 T8 AWD Recharge,Sedan or Wagon,2022,Plug-in Hybrid Electric,New,Eligible,Eligible,"$5,419"
Volvo,779,47,S60 T8 AWD Recharge ext Range,Sedan or Wagon,2022,Plug-in Hybrid Electric,New,Eligible,Eligible,"$5,419"
Volvo,780,47,S90 T8 AWD Recharge,Sedan or Wagon,2022,Plug-in Hybrid Electric,New,Eligible,Eligible,"$5,419"
Volvo,781,47,S90 T8 AWD Recharge ext Range,Sedan or Wagon,2022,Plug-in Hybrid Electric,New,Eligible,Eligible,"$5,419"
Volvo,782,47,V60 T8 AWD Recharge,Sedan or Wagon,2022,Plug-in Hybrid Electric,New,Not Eligible,Not Eligible,NIL
Volvo,783,47,V60 T8 AWD Recharge ext Range,Sedan or Wagon,2022,Plug-in Hybrid Electric,New,Not Eligible,Not Eligible,NIL
Volvo,784,47,XC40 Recharge Twin,SUV,2022,Electric,New,Eligible,Eligible,"$7,500"
Volvo,785,47,XC60 T8 AWD Recharge,SUV,2022,Plug-in Hybrid Electric,New,Eligible,Eligible,"$7,500"
Volvo,786,47,XC60 T8 AWD Recharge ext Range,SUV,2022,Plug-in Hybrid Electric,New,Eligible,Eligible,"$7,500"
Volvo,787,47,XC90 T8 AWD Recharge,SUV,2022,Plug-in Hybrid Electric,New,Eligible,Eligible,"$5,419"
Volvo,788,47,XC90 T8 AWD Recharge ext Range,SUV,2022,Plug-in Hybrid Electric,New,Eligible,Eligible,"$5,419"
Volvo,789,47,S60 AWD,Sedan or Wagon,2021,Plug-in Hybrid Electric,New,Eligible,Eligible,"$5,419"
Volvo,790,47,S90 AWD,Sedan or Wagon,2021,Plug-in Hybrid Electric,New,Eligible,Eligible,"$5,419"
Volvo,791,47,V60 AWD,SUV,2021,Plug-in Hybrid Electric,New,Eligible,Eligible,"$5,419"
Volvo,792,47,XC40 Recharge,SUV,2021,Electric,New,Eligible,Eligible,"$7,500"
Volvo,793,47,XC60 AWD,SUV,2021,Plug-in Hybrid Electric,New,Eligible,Eligible,"$5,419"
Volvo,794,47,XC90 AWD,SUV,2021,Plug-in Hybrid Electric,New,Eligible,Eligible,"$5,419"
Volvo,795,47,S60,SUV,2019,Plug-in Hybrid Electric,New,Eligible,Eligible,"$5,002"
Volvo,796,47,S60,SUV,2020,Plug-in Hybrid Electric,New,Eligible,Eligible,"$5,419"
Volvo,797,47,S90,SUV,2018,Plug-in Hybrid Electric,New,Eligible,Eligible,"$5,002"
Volvo,798,47,S90,SUV,2019,Plug-in Hybrid Electric,New,Eligible,Eligible,"$5,002"
Volvo,799,47,S90,SUV,2020,Plug-in Hybrid Electric,New,Eligible,Eligible,"$5,419"
Volvo,800,47,V60,SUV,2020,Plug-in Hybrid Electric,New,Eligible,Eligible,"$5,419"
Volvo,801,47,XC40 Extended Range,SUV,2021,Electric,New,Eligible,Eligible,"$7,500"
Volvo,802,47,XC60,SUV,2018,Plug-in Hybrid Electric,New,Eligible,Eligible,"$5,002"
Volvo,803,47,XC60,SUV,2019,Plug-in Hybrid Electric,New,Eligible,Eligible,"$5,002"
Volvo,804,47,XC60,SUV,2020,Plug-in Hybrid Electric,New,Eligible,Eligible,"$5,419"
Volvo,805,47,XC90,SUV,2016,Plug-in Hybrid Electric,New,Eligible,Eligible,"$4,585"
Volvo,806,47,XC90,SUV,2017,Plug-in Hybrid Electric,New,Eligible,Eligible,"$4,585"
Volvo,807,47,XC90,SUV,2018,Plug-in Hybrid Electric,New,Eligible,Eligible,"$5,002"
Volvo,808,47,XC90,SUV,2019,Plug-in Hybrid Electric,New,Eligible,Eligible,"$5,002"
Volvo,809,47,XC90,SUV,2020,Plug-in Hybrid Electric,New,Eligible,Eligible,"$5,419"
Wheego,810,48,LiFe,Sedan or Wagon,2011,Electric,New,Eligible,Eligible,"$7,500"